Image,Face_Shape
image_1.jpg,Oval
image_10.jpg,Round
image_100.jpg,Heart
image_1000.jpg,Heart
image_1002.jpg,Heart
image_1003.jpg,Heart
image_1004.jpg,Heart
image_1005.jpg,Round
image_1006.jpg,Heart
image_1007.jpg,Heart
image_1009.jpg,Square
image_101.jpg,Heart
image_1010.jpg,Heart
image_1011.jpg,Heart
image_1015.jpg,Heart
image_1016.jpg,Round
image_1017.jpg,Heart
image_1018.jpg,Heart
image_102.jpg,Heart
image_1020.jpg,Round
image_1022.jpg,Heart
image_1024.jpg,Heart
image_1025.jpg,Heart
image_1026.jpg,Heart
image_1027.jpg,Oval
image_1028.jpg,Heart
image_1030.jpg,Heart
image_1031.jpg,Oval
image_1032.jpg,Square
image_1033.jpg,Round
image_1034.jpg,Heart
image_1035.jpg,Round
image_1037.jpg,Heart
image_1038.jpg,Heart
image_1039.jpg,Heart
image_104.jpg,Heart
image_1040.jpg,Heart
image_1041.jpg,Round
image_1042.jpg,Round
image_1045.jpg,Round
image_1046.jpg,Heart
image_1047.jpg,Heart
image_1048.jpg,Heart
image_1049.jpg,Round
image_105.jpg,Heart
image_1050.jpg,Heart
image_1052.jpg,Heart
image_1053.jpg,Heart
image_1054.jpg,Heart
image_1055.jpg,Heart
image_1056.jpg,Heart
image_1057.jpg,Heart
image_1058.jpg,Heart
image_1059.jpg,Heart
image_106.jpg,Square
image_1060.jpg,Heart
image_1061.jpg,Heart
image_1062.jpg,Square
image_1064.jpg,Round
image_1065.jpg,Heart
image_1066.jpg,Heart
image_1067.jpg,Round
image_1068.jpg,Heart
image_107.jpg,Round
image_1070.jpg,Heart
image_1071.jpg,Heart
image_1073.jpg,Heart
image_1075.jpg,Round
image_1076.jpg,Heart
image_1077.jpg,Round
image_1079.jpg,Round
image_108.jpg,Round
image_1080.jpg,Heart
image_1082.jpg,Square
image_1083.jpg,Square
image_1085.jpg,Heart
image_1086.jpg,Heart
image_1087.jpg,Heart
image_1088.jpg,Square
image_1089.jpg,Heart
image_109.jpg,Square
image_1090.jpg,Heart
image_1091.jpg,Heart
image_1092.jpg,Heart
image_1093.jpg,Heart
image_1094.jpg,Heart
image_1095.jpg,Heart
image_1096.jpg,Round
image_1097.jpg,Round
image_1098.jpg,Heart
image_110.jpg,Heart
image_1100.jpg,Heart
image_1101.jpg,Heart
image_1103.jpg,Round
image_1104.jpg,Heart
image_1105.jpg,Heart
image_1106.jpg,Heart
image_1108.jpg,Square
image_1109.jpg,Heart
image_111.jpg,Heart
image_1111.jpg,Round
image_1112.jpg,Round
image_1113.jpg,Heart
image_1114.jpg,Heart
image_1115.jpg,Round
image_1116.jpg,Heart
image_1117.jpg,Round
image_1118.jpg,Square
image_1119.jpg,Heart
image_112.jpg,Heart
image_1121.jpg,Square
image_1122.jpg,Heart
image_1123.jpg,Heart
image_1124.jpg,Heart
image_1125.jpg,Heart
image_1126.jpg,Round
image_1127.jpg,Round
image_1129.jpg,Heart
image_113.jpg,Round
image_1130.jpg,Heart
image_1131.jpg,Heart
image_1132.jpg,Square
image_1133.jpg,Heart
image_1134.jpg,Heart
image_1135.jpg,Heart
image_1136.jpg,Heart
image_1137.jpg,Heart
image_1138.jpg,Square
image_1139.jpg,Heart
image_114.jpg,Square
image_1140.jpg,Heart
image_1141.jpg,Heart
image_1142.jpg,Heart
image_1143.jpg,Heart
image_1144.jpg,Heart
image_1145.jpg,Heart
image_1146.jpg,Heart
image_1147.jpg,Heart
image_1148.jpg,Square
image_1149.jpg,Round
image_1150.jpg,Round
image_1152.jpg,Round
image_1153.jpg,Heart
image_1154.jpg,Round
image_1155.jpg,Square
image_1156.jpg,Heart
image_1157.jpg,Round
image_1158.jpg,Heart
image_116.jpg,Round
image_1160.jpg,Heart
image_1161.jpg,Round
image_1162.jpg,Heart
image_1163.jpg,Round
image_1164.jpg,Square
image_1165.jpg,Heart
image_1166.jpg,Round
image_1169.jpg,Round
image_117.jpg,Round
image_1170.jpg,Heart
image_1171.jpg,Square
image_1172.jpg,Heart
image_1173.jpg,Round
image_1174.jpg,Round
image_1175.jpg,Round
image_1176.jpg,Heart
image_1177.jpg,Round
image_1178.jpg,Heart
image_1179.jpg,Heart
image_118.jpg,Round
image_1180.jpg,Heart
image_1181.jpg,Round
image_1182.jpg,Round
image_1183.jpg,Round
image_1184.jpg,Heart
image_1185.jpg,Heart
image_1186.jpg,Heart
image_1187.jpg,Heart
image_1188.jpg,Heart
image_1189.jpg,Heart
image_1190.jpg,Round
image_1191.jpg,Heart
image_1193.jpg,Round
image_1194.jpg,Heart
image_1195.jpg,Heart
image_1197.jpg,Heart
image_1198.jpg,Heart
image_1199.jpg,Round
image_12.jpg,Round
image_120.jpg,Round
image_1200.jpg,Heart
image_1201.jpg,Heart
image_1202.jpg,Heart
image_1203.jpg,Square
image_1204.jpg,Heart
image_1205.jpg,Heart
image_1207.jpg,Oval
image_1208.jpg,Round
image_1209.jpg,Round
image_121.jpg,Heart
image_1210.jpg,Heart
image_1212.jpg,Heart
image_1213.jpg,Heart
image_1215.jpg,Round
image_1216.jpg,Heart
image_1217.jpg,Heart
image_1218.jpg,Heart
image_1220.jpg,Heart
image_1221.jpg,Round
image_1223.jpg,Heart
image_1224.jpg,Heart
image_1225.jpg,Heart
image_1227.jpg,Round
image_1228.jpg,Heart
image_1229.jpg,Square
image_123.jpg,Heart
image_1231.jpg,Heart
image_1233.jpg,Heart
image_1234.jpg,Heart
image_1235.jpg,Heart
image_1236.jpg,Square
image_1237.jpg,Heart
image_1238.jpg,Heart
image_1239.jpg,Heart
image_124.jpg,Heart
image_1240.jpg,Heart
image_1241.jpg,Round
image_1242.jpg,Square
image_1243.jpg,Heart
image_1244.jpg,Heart
image_1245.jpg,Heart
image_1246.jpg,Heart
image_1247.jpg,Heart
image_1248.jpg,Round
image_1249.jpg,Heart
image_125.jpg,Heart
image_1250.jpg,Heart
image_1251.jpg,Round
image_1252.jpg,Square
image_1253.jpg,Heart
image_1254.jpg,Heart
image_1255.jpg,Heart
image_1256.jpg,Heart
image_1258.jpg,Round
image_1260.jpg,Heart
image_1261.jpg,Heart
image_1263.jpg,Round
image_1264.jpg,Round
image_1265.jpg,Heart
image_1267.jpg,Heart
image_1269.jpg,Round
image_127.jpg,Square
image_1270.jpg,Round
image_1272.jpg,Heart
image_1273.jpg,Heart
image_1274.jpg,Round
image_1275.jpg,Heart
image_1276.jpg,Heart
image_1277.jpg,Heart
image_1278.jpg,Heart
image_1279.jpg,Heart
image_128.jpg,Heart
image_1280.jpg,Heart
image_1281.jpg,Square
image_1282.jpg,Oval
image_1283.jpg,Heart
image_1284.jpg,Heart
image_1285.jpg,Heart
image_1286.jpg,Heart
image_1287.jpg,Round
image_1289.jpg,Round
image_1292.jpg,Round
image_1293.jpg,Heart
image_1294.jpg,Heart
image_1295.jpg,Heart
image_1297.jpg,Heart
image_1298.jpg,Round
image_1299.jpg,Round
image_13.jpg,Heart
image_130.jpg,Round
image_1300.jpg,Heart
image_1302.jpg,Heart
image_1303.jpg,Heart
image_1304.jpg,Heart
image_1305.jpg,Heart
image_1306.jpg,Round
image_1307.jpg,Round
image_1308.jpg,Heart
image_1309.jpg,Heart
image_131.jpg,Heart
image_1310.jpg,Heart
image_1311.jpg,Heart
image_1312.jpg,Oval
image_1313.jpg,Heart
image_1315.jpg,Round
image_1316.jpg,Heart
image_1317.jpg,Heart
image_1318.jpg,Round
image_1319.jpg,Heart
image_132.jpg,Round
image_1320.jpg,Heart
image_1322.jpg,Round
image_1323.jpg,Square
image_1324.jpg,Round
image_1325.jpg,Heart
image_1326.jpg,Heart
image_1327.jpg,Round
image_1328.jpg,Round
image_1329.jpg,Heart
image_1330.jpg,Heart
image_1331.jpg,Heart
image_1332.jpg,Heart
image_1333.jpg,Round
image_1334.jpg,Round
image_1336.jpg,Heart
image_1337.jpg,Heart
image_1338.jpg,Heart
image_1339.jpg,Heart
image_1340.jpg,Heart
image_1341.jpg,Heart
image_1342.jpg,Heart
image_1344.jpg,Heart
image_1346.jpg,Square
image_1347.jpg,Heart
image_1348.jpg,Heart
image_1349.jpg,Heart
image_135.jpg,Round
image_1351.jpg,Round
image_1352.jpg,Round
image_1353.jpg,Round
image_1354.jpg,Heart
image_1355.jpg,Heart
image_1356.jpg,Heart
image_1357.jpg,Heart
image_1358.jpg,Round
image_1359.jpg,Heart
image_136.jpg,Round
image_1360.jpg,Heart
image_1361.jpg,Heart
image_1362.jpg,Heart
image_1363.jpg,Heart
image_1364.jpg,Heart
image_1366.jpg,Heart
image_1367.jpg,Heart
image_1369.jpg,Round
image_137.jpg,Round
image_1370.jpg,Oval
image_1371.jpg,Heart
image_1372.jpg,Heart
image_1373.jpg,Square
image_1374.jpg,Heart
image_1375.jpg,Heart
image_1376.jpg,Round
image_1377.jpg,Square
image_1378.jpg,Heart
image_1379.jpg,Round
image_138.jpg,Heart
image_1380.jpg,Heart
image_1381.jpg,Heart
image_1384.jpg,Heart
image_1385.jpg,Heart
image_1386.jpg,Heart
image_1389.jpg,Round
image_139.jpg,Heart
image_1390.jpg,Round
image_1391.jpg,Heart
image_1393.jpg,Heart
image_1394.jpg,Square
image_1395.jpg,Heart
image_1396.jpg,Heart
image_1397.jpg,Square
image_1399.jpg,Heart
image_14.jpg,Round
image_1401.jpg,Square
image_1402.jpg,Square
image_1404.jpg,Round
image_1405.jpg,Heart
image_1406.jpg,Heart
image_1408.jpg,Heart
image_1409.jpg,Heart
image_141.jpg,Heart
image_1410.jpg,Heart
image_1411.jpg,Heart
image_1412.jpg,Heart
image_1414.jpg,Heart
image_1415.jpg,Heart
image_1416.jpg,Heart
image_1418.jpg,Heart
image_1419.jpg,Heart
image_142.jpg,Round
image_1420.jpg,Heart
image_1422.jpg,Heart
image_1424.jpg,Heart
image_1425.jpg,Round
image_1427.jpg,Heart
image_1428.jpg,Round
image_1429.jpg,Heart
image_143.jpg,Square
image_1430.jpg,Heart
image_1431.jpg,Square
image_1432.jpg,Heart
image_1433.jpg,Heart
image_1434.jpg,Heart
image_1435.jpg,Heart
image_1436.jpg,Oval
image_1437.jpg,Heart
image_1438.jpg,Round
image_1439.jpg,Heart
image_144.jpg,Round
image_1440.jpg,Heart
image_1441.jpg,Heart
image_1442.jpg,Round
image_1443.jpg,Heart
image_1444.jpg,Round
image_1445.jpg,Square
image_1446.jpg,Oval
image_1447.jpg,Oval
image_1448.jpg,Heart
image_145.jpg,Heart
image_1450.jpg,Heart
image_1451.jpg,Round
image_1452.jpg,Heart
image_1453.jpg,Heart
image_1454.jpg,Round
image_1458.jpg,Heart
image_1459.jpg,Heart
image_1461.jpg,Heart
image_1462.jpg,Round
image_1463.jpg,Round
image_1464.jpg,Heart
image_1466.jpg,Heart
image_1467.jpg,Heart
image_1468.jpg,Heart
image_1469.jpg,Heart
image_147.jpg,Oval
image_1470.jpg,Round
image_1471.jpg,Round
image_1472.jpg,Heart
image_1473.jpg,Heart
image_1475.jpg,Round
image_1476.jpg,Oval
image_1477.jpg,Heart
image_1478.jpg,Heart
image_148.jpg,Heart
image_1480.jpg,Heart
image_1481.jpg,Heart
image_1482.jpg,Heart
image_1483.jpg,Heart
image_1484.jpg,Heart
image_1485.jpg,Heart
image_1486.jpg,Heart
image_1489.jpg,Heart
image_1490.jpg,Heart
image_1492.jpg,Heart
image_1493.jpg,Heart
image_1495.jpg,Heart
image_1496.jpg,Round
image_1497.jpg,Heart
image_1498.jpg,Heart
image_1499.jpg,Heart
image_15.jpg,Round
image_150.jpg,Heart
image_1500.jpg,Heart
image_1502.jpg,Square
image_1503.jpg,Heart
image_1504.jpg,Heart
image_1505.jpg,Round
image_1506.jpg,Heart
image_1507.jpg,Square
image_1508.jpg,Heart
image_1509.jpg,Heart
image_151.jpg,Heart
image_1510.jpg,Heart
image_1511.jpg,Round
image_1512.jpg,Round
image_1513.jpg,Heart
image_1514.jpg,Heart
image_1515.jpg,Round
image_1516.jpg,Heart
image_1517.jpg,Square
image_1518.jpg,Square
image_1519.jpg,Heart
image_152.jpg,Heart
image_1520.jpg,Heart
image_1521.jpg,Heart
image_1522.jpg,Heart
image_1525.jpg,Heart
image_1526.jpg,Heart
image_1527.jpg,Heart
image_1528.jpg,Heart
image_1531.jpg,Heart
image_1532.jpg,Heart
image_1533.jpg,Heart
image_1534.jpg,Heart
image_1535.jpg,Heart
image_1536.jpg,Round
image_1537.jpg,Heart
image_1538.jpg,Round
image_1539.jpg,Square
image_154.jpg,Heart
image_1540.jpg,Heart
image_1541.jpg,Heart
image_1542.jpg,Round
image_1543.jpg,Round
image_1544.jpg,Round
image_1545.jpg,Round
image_1546.jpg,Round
image_1547.jpg,Heart
image_1548.jpg,Round
image_1549.jpg,Heart
image_155.jpg,Round
image_1550.jpg,Heart
image_1551.jpg,Heart
image_1552.jpg,Heart
image_1553.jpg,Square
image_1554.jpg,Heart
image_1556.jpg,Round
image_1557.jpg,Heart
image_1559.jpg,Heart
image_1560.jpg,Heart
image_1561.jpg,Oval
image_1562.jpg,Heart
image_1563.jpg,Round
image_1564.jpg,Round
image_1565.jpg,Heart
image_1566.jpg,Heart
image_1567.jpg,Heart
image_1568.jpg,Heart
image_1569.jpg,Square
image_157.jpg,Square
image_1570.jpg,Heart
image_1571.jpg,Heart
image_1572.jpg,Round
image_1573.jpg,Heart
image_1574.jpg,Heart
image_1575.jpg,Heart
image_1576.jpg,Oval
image_1577.jpg,Heart
image_1579.jpg,Round
image_158.jpg,Heart
image_1580.jpg,Round
image_1581.jpg,Heart
image_1582.jpg,Heart
image_1584.jpg,Heart
image_1585.jpg,Square
image_1586.jpg,Round
image_1587.jpg,Round
image_1588.jpg,Round
image_1589.jpg,Round
image_159.jpg,Heart
image_1590.jpg,Heart
image_1591.jpg,Round
image_1592.jpg,Heart
image_1593.jpg,Round
image_1594.jpg,Square
image_1595.jpg,Heart
image_1596.jpg,Heart
image_1597.jpg,Round
image_1598.jpg,Square
image_1599.jpg,Round
image_16.jpg,Heart
image_160.jpg,Square
image_1600.jpg,Heart
image_1601.jpg,Heart
image_1602.jpg,Heart
image_1603.jpg,Heart
image_1605.jpg,Heart
image_1606.jpg,Heart
image_1607.jpg,Heart
image_1609.jpg,Round
image_161.jpg,Round
image_1610.jpg,Heart
image_1613.jpg,Square
image_1614.jpg,Round
image_1615.jpg,Round
image_1616.jpg,Heart
image_1617.jpg,Heart
image_1618.jpg,Round
image_1619.jpg,Heart
image_162.jpg,Round
image_1621.jpg,Heart
image_1622.jpg,Heart
image_1623.jpg,Heart
image_1624.jpg,Round
image_1625.jpg,Square
image_1626.jpg,Heart
image_1627.jpg,Heart
image_1629.jpg,Heart
image_163.jpg,Heart
image_1631.jpg,Heart
image_1632.jpg,Heart
image_1633.jpg,Heart
image_1635.jpg,Round
image_1636.jpg,Heart
image_1637.jpg,Heart
image_1638.jpg,Heart
image_164.jpg,Round
image_1640.jpg,Heart
image_1641.jpg,Square
image_1642.jpg,Heart
image_1643.jpg,Heart
image_1644.jpg,Heart
image_1645.jpg,Round
image_1646.jpg,Heart
image_1647.jpg,Square
image_1648.jpg,Heart
image_1649.jpg,Round
image_165.jpg,Heart
image_1652.jpg,Heart
image_1653.jpg,Round
image_1654.jpg,Heart
image_1655.jpg,Heart
image_1657.jpg,Heart
image_1658.jpg,Round
image_1659.jpg,Heart
image_1661.jpg,Round
image_1662.jpg,Heart
image_1663.jpg,Heart
image_1664.jpg,Round
image_1665.jpg,Heart
image_1666.jpg,Round
image_1667.jpg,Round
image_1668.jpg,Heart
image_1669.jpg,Heart
image_167.jpg,Round
image_1670.jpg,Heart
image_1671.jpg,Heart
image_1673.jpg,Heart
image_1674.jpg,Heart
image_1675.jpg,Round
image_1676.jpg,Heart
image_1677.jpg,Round
image_1678.jpg,Heart
image_1679.jpg,Round
image_168.jpg,Heart
image_1680.jpg,Heart
image_1681.jpg,Heart
image_1684.jpg,Heart
image_1685.jpg,Heart
image_1686.jpg,Heart
image_1687.jpg,Round
image_1688.jpg,Heart
image_1689.jpg,Heart
image_1690.jpg,Heart
image_1691.jpg,Heart
image_1692.jpg,Heart
image_1693.jpg,Round
image_1695.jpg,Heart
image_1696.jpg,Round
image_1697.jpg,Heart
image_1698.jpg,Heart
image_1699.jpg,Round
image_17.jpg,Heart
image_170.jpg,Heart
image_1700.jpg,Round
image_1701.jpg,Heart
image_1703.jpg,Heart
image_1705.jpg,Heart
image_1706.jpg,Round
image_1707.jpg,Heart
image_1708.jpg,Heart
image_1710.jpg,Heart
image_1711.jpg,Square
image_1712.jpg,Oval
image_1713.jpg,Round
image_1714.jpg,Heart
image_1715.jpg,Heart
image_1716.jpg,Heart
image_1717.jpg,Heart
image_1719.jpg,Round
image_172.jpg,Heart
image_1720.jpg,Heart
image_1721.jpg,Heart
image_1723.jpg,Heart
image_1724.jpg,Heart
image_1725.jpg,Heart
image_1727.jpg,Round
image_1728.jpg,Heart
image_1729.jpg,Square
image_173.jpg,Round
image_1731.jpg,Heart
image_1732.jpg,Heart
image_1733.jpg,Heart
image_1735.jpg,Round
image_1736.jpg,Heart
image_1737.jpg,Heart
image_1738.jpg,Heart
image_1739.jpg,Round
image_174.jpg,Round
image_1740.jpg,Heart
image_1741.jpg,Heart
image_1742.jpg,Heart
image_1743.jpg,Heart
image_1745.jpg,Heart
image_1746.jpg,Heart
image_1747.jpg,Heart
image_1748.jpg,Heart
image_1749.jpg,Heart
image_175.jpg,Heart
image_1751.jpg,Heart
image_1752.jpg,Round
image_1754.jpg,Heart
image_1756.jpg,Square
image_1757.jpg,Round
image_1758.jpg,Square
image_176.jpg,Heart
image_1761.jpg,Round
image_1764.jpg,Heart
image_1765.jpg,Heart
image_1766.jpg,Heart
image_1768.jpg,Heart
image_1769.jpg,Square
image_177.jpg,Round
image_1770.jpg,Heart
image_1771.jpg,Heart
image_1772.jpg,Heart
image_1773.jpg,Heart
image_1774.jpg,Heart
image_1776.jpg,Heart
image_1778.jpg,Oval
image_1779.jpg,Heart
image_178.jpg,Round
image_1780.jpg,Heart
image_1781.jpg,Round
image_1782.jpg,Heart
image_1783.jpg,Heart
image_1784.jpg,Heart
image_1785.jpg,Heart
image_1786.jpg,Square
image_1788.jpg,Round
image_1789.jpg,Heart
image_179.jpg,Round
image_1790.jpg,Oval
image_1791.jpg,Round
image_1792.jpg,Oval
image_1793.jpg,Heart
image_1796.jpg,Heart
image_1797.jpg,Square
image_1798.jpg,Round
image_1799.jpg,Heart
image_18.jpg,Heart
image_180.jpg,Heart
image_1800.jpg,Heart
image_1801.jpg,Round
image_1802.jpg,Heart
image_1803.jpg,Round
image_1804.jpg,Heart
image_1806.jpg,Round
image_1807.jpg,Heart
image_1809.jpg,Heart
image_1810.jpg,Heart
image_1812.jpg,Heart
image_1815.jpg,Round
image_1816.jpg,Heart
image_1817.jpg,Heart
image_1818.jpg,Heart
image_1819.jpg,Heart
image_1820.jpg,Heart
image_1821.jpg,Round
image_1822.jpg,Round
image_1823.jpg,Heart
image_1824.jpg,Heart
image_1826.jpg,Heart
image_1828.jpg,Round
image_1829.jpg,Heart
image_183.jpg,Round
image_1830.jpg,Round
image_1831.jpg,Heart
image_1832.jpg,Heart
image_1833.jpg,Round
image_1834.jpg,Round
image_1835.jpg,Oval
image_1836.jpg,Heart
image_1837.jpg,Heart
image_1838.jpg,Heart
image_1839.jpg,Heart
image_1841.jpg,Heart
image_1842.jpg,Heart
image_1843.jpg,Heart
image_1844.jpg,Heart
image_1845.jpg,Heart
image_1847.jpg,Round
image_1848.jpg,Heart
image_185.jpg,Heart
image_1850.jpg,Heart
image_1851.jpg,Heart
image_1853.jpg,Heart
image_1854.jpg,Heart
image_1855.jpg,Heart
image_1856.jpg,Heart
image_1857.jpg,Round
image_1858.jpg,Heart
image_1859.jpg,Heart
image_186.jpg,Heart
image_1860.jpg,Round
image_1861.jpg,Round
image_1862.jpg,Heart
image_1863.jpg,Heart
image_1864.jpg,Heart
image_1865.jpg,Oval
image_1866.jpg,Heart
image_1867.jpg,Heart
image_1869.jpg,Heart
image_187.jpg,Square
image_1870.jpg,Heart
image_1871.jpg,Heart
image_1872.jpg,Round
image_1873.jpg,Heart
image_1874.jpg,Heart
image_1876.jpg,Heart
image_1877.jpg,Oval
image_1878.jpg,Heart
image_1879.jpg,Heart
image_188.jpg,Heart
image_1880.jpg,Round
image_1881.jpg,Heart
image_1882.jpg,Oval
image_1883.jpg,Heart
image_1884.jpg,Square
image_1885.jpg,Round
image_1886.jpg,Heart
image_1887.jpg,Heart
image_1888.jpg,Heart
image_1889.jpg,Heart
image_189.jpg,Round
image_1890.jpg,Round
image_1891.jpg,Heart
image_1892.jpg,Round
image_1895.jpg,Heart
image_1898.jpg,Heart
image_190.jpg,Round
image_1900.jpg,Heart
image_1901.jpg,Heart
image_1902.jpg,Heart
image_1903.jpg,Heart
image_1904.jpg,Heart
image_1905.jpg,Heart
image_1906.jpg,Heart
image_1907.jpg,Heart
image_1908.jpg,Square
image_1909.jpg,Heart
image_191.jpg,Round
image_1910.jpg,Heart
image_1911.jpg,Round
image_1912.jpg,Heart
image_1914.jpg,Round
image_1915.jpg,Heart
image_1916.jpg,Heart
image_1918.jpg,Heart
image_1919.jpg,Round
image_192.jpg,Round
image_1920.jpg,Heart
image_1921.jpg,Heart
image_1922.jpg,Heart
image_1925.jpg,Heart
image_1927.jpg,Heart
image_1928.jpg,Round
image_1929.jpg,Heart
image_193.jpg,Heart
image_1930.jpg,Oval
image_1932.jpg,Round
image_1933.jpg,Heart
image_1935.jpg,Round
image_1937.jpg,Heart
image_1938.jpg,Round
image_194.jpg,Heart
image_1940.jpg,Heart
image_1941.jpg,Heart
image_1942.jpg,Heart
image_1943.jpg,Heart
image_1944.jpg,Round
image_1945.jpg,Round
image_1946.jpg,Heart
image_1947.jpg,Heart
image_1948.jpg,Heart
image_1949.jpg,Heart
image_195.jpg,Heart
image_1950.jpg,Heart
image_1951.jpg,Heart
image_1952.jpg,Round
image_1953.jpg,Heart
image_1954.jpg,Heart
image_1955.jpg,Heart
image_1956.jpg,Heart
image_1957.jpg,Heart
image_1958.jpg,Heart
image_1960.jpg,Square
image_1961.jpg,Heart
image_1962.jpg,Heart
image_1963.jpg,Heart
image_1964.jpg,Heart
image_1965.jpg,Round
image_1966.jpg,Round
image_1967.jpg,Heart
image_1968.jpg,Heart
image_197.jpg,Round
image_1970.jpg,Round
image_1971.jpg,Heart
image_1972.jpg,Square
image_1973.jpg,Round
image_1974.jpg,Round
image_1975.jpg,Heart
image_1976.jpg,Heart
image_1977.jpg,Heart
image_1978.jpg,Oval
image_1979.jpg,Heart
image_198.jpg,Heart
image_1980.jpg,Heart
image_1981.jpg,Heart
image_1982.jpg,Round
image_1983.jpg,Heart
image_1984.jpg,Round
image_1985.jpg,Heart
image_1986.jpg,Heart
image_1988.jpg,Heart
image_1989.jpg,Round
image_199.jpg,Heart
image_1990.jpg,Heart
image_1991.jpg,Round
image_1992.jpg,Square
image_1993.jpg,Round
image_1994.jpg,Heart
image_1995.jpg,Heart
image_1996.jpg,Heart
image_1997.jpg,Round
image_1999.jpg,Heart
image_2.jpg,Heart
image_200.jpg,Round
image_2000.jpg,Round
image_2001.jpg,Heart
image_2002.jpg,Heart
image_2003.jpg,Heart
image_2004.jpg,Round
image_2005.jpg,Heart
image_2006.jpg,Heart
image_2007.jpg,Heart
image_2008.jpg,Round
image_2009.jpg,Heart
image_201.jpg,Heart
image_2010.jpg,Heart
image_2011.jpg,Heart
image_2012.jpg,Heart
image_2014.jpg,Oval
image_2015.jpg,Round
image_2016.jpg,Heart
image_2017.jpg,Heart
image_2018.jpg,Heart
image_2019.jpg,Round
image_202.jpg,Square
image_2020.jpg,Heart
image_2021.jpg,Heart
image_2022.jpg,Heart
image_2023.jpg,Heart
image_2025.jpg,Round
image_2026.jpg,Round
image_2027.jpg,Heart
image_2028.jpg,Heart
image_2029.jpg,Heart
image_203.jpg,Square
image_2030.jpg,Heart
image_2031.jpg,Heart
image_2034.jpg,Square
image_2035.jpg,Heart
image_2036.jpg,Round
image_2037.jpg,Heart
image_2038.jpg,Heart
image_2039.jpg,Square
image_204.jpg,Round
image_2040.jpg,Heart
image_2041.jpg,Heart
image_2042.jpg,Round
image_2043.jpg,Heart
image_2044.jpg,Heart
image_2045.jpg,Round
image_2046.jpg,Round
image_2047.jpg,Round
image_2048.jpg,Heart
image_2049.jpg,Heart
image_2050.jpg,Oval
image_2051.jpg,Heart
image_2052.jpg,Oval
image_2053.jpg,Round
image_2055.jpg,Round
image_2056.jpg,Round
image_2057.jpg,Heart
image_2058.jpg,Square
image_2059.jpg,Heart
image_206.jpg,Round
image_2060.jpg,Heart
image_2061.jpg,Round
image_2062.jpg,Heart
image_2063.jpg,Heart
image_2064.jpg,Heart
image_2065.jpg,Square
image_2066.jpg,Heart
image_2067.jpg,Round
image_207.jpg,Round
image_2070.jpg,Heart
image_2071.jpg,Round
image_2073.jpg,Heart
image_2074.jpg,Round
image_2075.jpg,Heart
image_2076.jpg,Round
image_2079.jpg,Heart
image_208.jpg,Heart
image_2080.jpg,Round
image_2081.jpg,Heart
image_2084.jpg,Heart
image_2085.jpg,Heart
image_2086.jpg,Heart
image_2087.jpg,Heart
image_2089.jpg,Round
image_2090.jpg,Round
image_2091.jpg,Heart
image_2092.jpg,Heart
image_2093.jpg,Square
image_2094.jpg,Heart
image_2095.jpg,Round
image_2096.jpg,Heart
image_2097.jpg,Heart
image_2098.jpg,Heart
image_21.jpg,Heart
image_210.jpg,Heart
image_2100.jpg,Round
image_2101.jpg,Heart
image_2102.jpg,Heart
image_2103.jpg,Heart
image_2104.jpg,Round
image_2105.jpg,Heart
image_2106.jpg,Round
image_2107.jpg,Heart
image_2108.jpg,Heart
image_211.jpg,Heart
image_2110.jpg,Heart
image_2111.jpg,Square
image_2112.jpg,Heart
image_2113.jpg,Heart
image_2114.jpg,Round
image_2115.jpg,Heart
image_2116.jpg,Heart
image_2117.jpg,Heart
image_2118.jpg,Heart
image_2119.jpg,Heart
image_212.jpg,Heart
image_2121.jpg,Square
image_2122.jpg,Heart
image_2123.jpg,Round
image_2125.jpg,Round
image_2127.jpg,Square
image_2128.jpg,Round
image_213.jpg,Heart
image_2130.jpg,Heart
image_2131.jpg,Square
image_2132.jpg,Heart
image_2133.jpg,Heart
image_2134.jpg,Square
image_2135.jpg,Heart
image_2136.jpg,Round
image_2137.jpg,Heart
image_2139.jpg,Heart
image_214.jpg,Round
image_2140.jpg,Heart
image_2141.jpg,Heart
image_2142.jpg,Heart
image_2144.jpg,Heart
image_2145.jpg,Round
image_2147.jpg,Heart
image_2148.jpg,Heart
image_2149.jpg,Round
image_215.jpg,Round
image_2150.jpg,Heart
image_2151.jpg,Round
image_2152.jpg,Heart
image_2153.jpg,Heart
image_2155.jpg,Round
image_2156.jpg,Heart
image_2157.jpg,Heart
image_2158.jpg,Heart
image_2159.jpg,Heart
image_216.jpg,Heart
image_2160.jpg,Round
image_2161.jpg,Heart
image_2162.jpg,Heart
image_2163.jpg,Heart
image_2164.jpg,Round
image_2165.jpg,Heart
image_2166.jpg,Heart
image_2167.jpg,Heart
image_2168.jpg,Heart
image_2169.jpg,Round
image_2172.jpg,Heart
image_2173.jpg,Heart
image_2174.jpg,Heart
image_2175.jpg,Heart
image_2176.jpg,Heart
image_2177.jpg,Round
image_2178.jpg,Heart
image_2179.jpg,Heart
image_218.jpg,Round
image_2180.jpg,Round
image_2181.jpg,Heart
image_2182.jpg,Heart
image_2184.jpg,Round
image_2185.jpg,Heart
image_2186.jpg,Round
image_2187.jpg,Square
image_2188.jpg,Heart
image_2189.jpg,Round
image_219.jpg,Round
image_2191.jpg,Heart
image_2192.jpg,Heart
image_2193.jpg,Heart
image_2194.jpg,Heart
image_2195.jpg,Round
image_2196.jpg,Heart
image_2197.jpg,Round
image_2198.jpg,Heart
image_2199.jpg,Heart
image_22.jpg,Heart
image_220.jpg,Heart
image_2201.jpg,Square
image_2202.jpg,Round
image_2203.jpg,Heart
image_2204.jpg,Heart
image_2205.jpg,Square
image_2207.jpg,Round
image_2208.jpg,Heart
image_2209.jpg,Round
image_221.jpg,Round
image_2210.jpg,Oval
image_2212.jpg,Heart
image_2213.jpg,Square
image_2214.jpg,Heart
image_2216.jpg,Heart
image_2217.jpg,Heart
image_2218.jpg,Heart
image_2219.jpg,Heart
image_222.jpg,Square
image_2220.jpg,Round
image_2221.jpg,Heart
image_2222.jpg,Oval
image_2223.jpg,Round
image_2224.jpg,Heart
image_2225.jpg,Heart
image_2226.jpg,Round
image_2227.jpg,Round
image_2228.jpg,Heart
image_223.jpg,Heart
image_2230.jpg,Round
image_2232.jpg,Heart
image_2233.jpg,Heart
image_2234.jpg,Round
image_2235.jpg,Round
image_2236.jpg,Heart
image_2238.jpg,Round
image_2239.jpg,Heart
image_224.jpg,Heart
image_2240.jpg,Heart
image_2241.jpg,Round
image_2242.jpg,Round
image_2243.jpg,Heart
image_2244.jpg,Heart
image_2245.jpg,Heart
image_2246.jpg,Round
image_2247.jpg,Heart
image_2248.jpg,Heart
image_2249.jpg,Round
image_225.jpg,Heart
image_2251.jpg,Heart
image_2252.jpg,Heart
image_2253.jpg,Round
image_2254.jpg,Round
image_2255.jpg,Round
image_2256.jpg,Heart
image_2257.jpg,Heart
image_2258.jpg,Heart
image_2259.jpg,Heart
image_226.jpg,Round
image_2260.jpg,Square
image_2261.jpg,Round
image_2262.jpg,Heart
image_2263.jpg,Heart
image_2264.jpg,Heart
image_2266.jpg,Heart
image_2267.jpg,Heart
image_2268.jpg,Heart
image_2269.jpg,Heart
image_227.jpg,Round
image_2270.jpg,Heart
image_2271.jpg,Heart
image_2272.jpg,Heart
image_2273.jpg,Heart
image_2274.jpg,Heart
image_2275.jpg,Heart
image_2276.jpg,Heart
image_2277.jpg,Heart
image_2278.jpg,Heart
image_228.jpg,Square
image_2280.jpg,Heart
image_2281.jpg,Heart
image_2284.jpg,Round
image_2285.jpg,Heart
image_2286.jpg,Round
image_2288.jpg,Heart
image_2289.jpg,Heart
image_229.jpg,Round
image_2290.jpg,Heart
image_2291.jpg,Round
image_2292.jpg,Heart
image_2293.jpg,Heart
image_2295.jpg,Round
image_2296.jpg,Heart
image_2297.jpg,Heart
image_2298.jpg,Heart
image_2299.jpg,Heart
image_23.jpg,Heart
image_230.jpg,Heart
image_2300.jpg,Heart
image_2301.jpg,Round
image_2302.jpg,Heart
image_2303.jpg,Heart
image_2304.jpg,Heart
image_2305.jpg,Heart
image_2306.jpg,Heart
image_2307.jpg,Heart
image_2308.jpg,Heart
image_2309.jpg,Heart
image_231.jpg,Round
image_2310.jpg,Heart
image_2311.jpg,Heart
image_2312.jpg,Square
image_2313.jpg,Heart
image_2315.jpg,Heart
image_2316.jpg,Heart
image_2318.jpg,Oval
image_2319.jpg,Heart
image_232.jpg,Heart
image_2320.jpg,Heart
image_2321.jpg,Oval
image_2322.jpg,Round
image_2323.jpg,Square
image_2324.jpg,Oval
image_2326.jpg,Heart
image_2327.jpg,Heart
image_2328.jpg,Round
image_233.jpg,Heart
image_2330.jpg,Square
image_2331.jpg,Heart
image_2334.jpg,Round
image_2335.jpg,Heart
image_2337.jpg,Oval
image_2339.jpg,Round
image_234.jpg,Heart
image_2340.jpg,Heart
image_2342.jpg,Heart
image_2344.jpg,Round
image_2345.jpg,Round
image_2346.jpg,Round
image_2347.jpg,Round
image_2348.jpg,Round
image_2349.jpg,Round
image_235.jpg,Heart
image_2351.jpg,Heart
image_2352.jpg,Heart
image_2353.jpg,Heart
image_2354.jpg,Heart
image_2355.jpg,Round
image_2357.jpg,Heart
image_2358.jpg,Heart
image_2359.jpg,Round
image_236.jpg,Square
image_2360.jpg,Heart
image_2361.jpg,Heart
image_2362.jpg,Heart
image_2363.jpg,Heart
image_2364.jpg,Heart
image_2366.jpg,Heart
image_2367.jpg,Heart
image_2368.jpg,Heart
image_2369.jpg,Round
image_237.jpg,Heart
image_2370.jpg,Round
image_2371.jpg,Round
image_2372.jpg,Round
image_2373.jpg,Heart
image_2374.jpg,Round
image_2376.jpg,Heart
image_2377.jpg,Heart
image_2378.jpg,Heart
image_2379.jpg,Round
image_238.jpg,Heart
image_2380.jpg,Round
image_2381.jpg,Round
image_2382.jpg,Heart
image_2383.jpg,Heart
image_2385.jpg,Oval
image_2386.jpg,Heart
image_2387.jpg,Heart
image_2388.jpg,Round
image_2389.jpg,Heart
image_239.jpg,Heart
image_2391.jpg,Round
image_2392.jpg,Heart
image_2393.jpg,Heart
image_2394.jpg,Heart
image_2395.jpg,Heart
image_2396.jpg,Heart
image_2397.jpg,Heart
image_2398.jpg,Round
image_2399.jpg,Round
image_24.jpg,Heart
image_240.jpg,Heart
image_2400.jpg,Heart
image_2401.jpg,Square
image_2404.jpg,Heart
image_2405.jpg,Heart
image_2406.jpg,Square
image_2407.jpg,Round
image_2408.jpg,Heart
image_2409.jpg,Heart
image_241.jpg,Heart
image_2410.jpg,Round
image_2411.jpg,Round
image_2412.jpg,Round
image_2415.jpg,Heart
image_2416.jpg,Round
image_2417.jpg,Heart
image_2419.jpg,Heart
image_242.jpg,Square
image_2420.jpg,Heart
image_2421.jpg,Round
image_2422.jpg,Heart
image_2423.jpg,Heart
image_2425.jpg,Round
image_2426.jpg,Round
image_2427.jpg,Heart
image_2428.jpg,Heart
image_2429.jpg,Heart
image_243.jpg,Heart
image_2430.jpg,Heart
image_2431.jpg,Heart
image_2432.jpg,Heart
image_2433.jpg,Heart
image_2434.jpg,Heart
image_2435.jpg,Heart
image_2436.jpg,Heart
image_2437.jpg,Heart
image_2438.jpg,Round
image_2439.jpg,Round
image_244.jpg,Heart
image_2440.jpg,Heart
image_2441.jpg,Heart
image_2442.jpg,Round
image_2443.jpg,Heart
image_2445.jpg,Oval
image_2446.jpg,Heart
image_2447.jpg,Heart
image_2448.jpg,Heart
image_245.jpg,Heart
image_2450.jpg,Heart
image_2451.jpg,Round
image_2452.jpg,Heart
image_2453.jpg,Heart
image_2454.jpg,Heart
image_2455.jpg,Round
image_2456.jpg,Heart
image_2457.jpg,Heart
image_2458.jpg,Heart
image_2459.jpg,Heart
image_246.jpg,Round
image_2460.jpg,Heart
image_2461.jpg,Round
image_2462.jpg,Heart
image_2463.jpg,Heart
image_2464.jpg,Heart
image_2465.jpg,Heart
image_2466.jpg,Oval
image_2467.jpg,Heart
image_2469.jpg,Heart
image_247.jpg,Heart
image_2470.jpg,Round
image_2472.jpg,Round
image_2474.jpg,Heart
image_2475.jpg,Heart
image_2476.jpg,Heart
image_2477.jpg,Heart
image_2478.jpg,Heart
image_2479.jpg,Heart
image_248.jpg,Heart
image_2480.jpg,Heart
image_2481.jpg,Heart
image_2482.jpg,Heart
image_2483.jpg,Heart
image_2484.jpg,Heart
image_2486.jpg,Round
image_2488.jpg,Round
image_2489.jpg,Heart
image_249.jpg,Heart
image_2490.jpg,Round
image_2491.jpg,Heart
image_2492.jpg,Heart
image_2494.jpg,Heart
image_2495.jpg,Heart
image_2496.jpg,Heart
image_2497.jpg,Heart
image_2498.jpg,Heart
image_2499.jpg,Round
image_25.jpg,Heart
image_250.jpg,Heart
image_2500.jpg,Round
image_2501.jpg,Heart
image_2502.jpg,Heart
image_2503.jpg,Heart
image_2504.jpg,Heart
image_2505.jpg,Heart
image_2506.jpg,Oval
image_2507.jpg,Round
image_2508.jpg,Heart
image_251.jpg,Heart
image_2510.jpg,Round
image_2511.jpg,Round
image_2512.jpg,Round
image_2514.jpg,Round
image_2515.jpg,Square
image_2517.jpg,Heart
image_2518.jpg,Heart
image_2519.jpg,Round
image_252.jpg,Heart
image_2521.jpg,Heart
image_2524.jpg,Heart
image_2525.jpg,Heart
image_2527.jpg,Round
image_2528.jpg,Heart
image_253.jpg,Heart
image_2530.jpg,Oval
image_2531.jpg,Round
image_2533.jpg,Heart
image_2534.jpg,Heart
image_2535.jpg,Heart
image_2536.jpg,Round
image_2537.jpg,Heart
image_2538.jpg,Heart
image_2539.jpg,Round
image_254.jpg,Round
image_2540.jpg,Heart
image_2541.jpg,Heart
image_2542.jpg,Heart
image_2543.jpg,Heart
image_2545.jpg,Heart
image_2546.jpg,Heart
image_2547.jpg,Heart
image_2548.jpg,Heart
image_2549.jpg,Heart
image_255.jpg,Heart
image_2550.jpg,Oval
image_2551.jpg,Heart
image_2552.jpg,Round
image_2553.jpg,Heart
image_2554.jpg,Heart
image_2555.jpg,Heart
image_2556.jpg,Round
image_2557.jpg,Heart
image_2558.jpg,Heart
image_2559.jpg,Heart
image_256.jpg,Square
image_2560.jpg,Heart
image_2561.jpg,Heart
image_2562.jpg,Heart
image_2563.jpg,Heart
image_2564.jpg,Round
image_2566.jpg,Round
image_2567.jpg,Heart
image_2568.jpg,Heart
image_2569.jpg,Heart
image_257.jpg,Heart
image_2570.jpg,Round
image_2571.jpg,Round
image_2572.jpg,Heart
image_2573.jpg,Round
image_2576.jpg,Heart
image_2577.jpg,Heart
image_2579.jpg,Round
image_258.jpg,Round
image_2580.jpg,Heart
image_2581.jpg,Round
image_2582.jpg,Heart
image_2584.jpg,Heart
image_2586.jpg,Heart
image_2587.jpg,Heart
image_2588.jpg,Heart
image_2589.jpg,Heart
image_2590.jpg,Heart
image_2591.jpg,Heart
image_2592.jpg,Heart
image_2593.jpg,Round
image_2594.jpg,Heart
image_2595.jpg,Heart
image_2597.jpg,Round
image_2598.jpg,Heart
image_2599.jpg,Round
image_26.jpg,Heart
image_260.jpg,Heart
image_2600.jpg,Heart
image_2601.jpg,Round
image_2602.jpg,Round
image_2603.jpg,Square
image_2604.jpg,Heart
image_2606.jpg,Heart
image_2607.jpg,Heart
image_2609.jpg,Round
image_261.jpg,Heart
image_2610.jpg,Heart
image_2611.jpg,Round
image_2612.jpg,Square
image_2614.jpg,Heart
image_2616.jpg,Round
image_2617.jpg,Heart
image_2618.jpg,Heart
image_2619.jpg,Heart
image_262.jpg,Square
image_2620.jpg,Heart
image_2621.jpg,Heart
image_2622.jpg,Heart
image_2623.jpg,Heart
image_2624.jpg,Round
image_2625.jpg,Heart
image_2626.jpg,Heart
image_2627.jpg,Heart
image_2628.jpg,Heart
image_2629.jpg,Heart
image_263.jpg,Heart
image_2630.jpg,Square
image_2631.jpg,Heart
image_2632.jpg,Heart
image_2633.jpg,Heart
image_2634.jpg,Heart
image_2637.jpg,Heart
image_2638.jpg,Heart
image_264.jpg,Round
image_2640.jpg,Heart
image_2641.jpg,Heart
image_2642.jpg,Heart
image_2643.jpg,Heart
image_2645.jpg,Heart
image_2646.jpg,Heart
image_2647.jpg,Round
image_2649.jpg,Heart
image_265.jpg,Heart
image_2650.jpg,Heart
image_2651.jpg,Heart
image_2652.jpg,Round
image_2653.jpg,Heart
image_2654.jpg,Round
image_2655.jpg,Round
image_2657.jpg,Heart
image_2658.jpg,Round
image_2659.jpg,Round
image_266.jpg,Heart
image_2660.jpg,Heart
image_2662.jpg,Round
image_2664.jpg,Heart
image_2665.jpg,Round
image_2666.jpg,Heart
image_2667.jpg,Round
image_2669.jpg,Round
image_267.jpg,Round
image_2670.jpg,Heart
image_2672.jpg,Heart
image_2673.jpg,Heart
image_2674.jpg,Round
image_2675.jpg,Round
image_2676.jpg,Round
image_2678.jpg,Round
image_2679.jpg,Heart
image_268.jpg,Heart
image_2680.jpg,Heart
image_2681.jpg,Heart
image_2682.jpg,Round
image_2685.jpg,Heart
image_2687.jpg,Heart
image_2688.jpg,Heart
image_2689.jpg,Heart
image_269.jpg,Round
image_2690.jpg,Square
image_2691.jpg,Heart
image_2692.jpg,Heart
image_2693.jpg,Round
image_2694.jpg,Heart
image_2695.jpg,Round
image_2696.jpg,Heart
image_2697.jpg,Heart
image_2698.jpg,Round
image_2699.jpg,Heart
image_27.jpg,Oval
image_270.jpg,Round
image_2700.jpg,Round
image_2702.jpg,Heart
image_2704.jpg,Heart
image_2707.jpg,Heart
image_2708.jpg,Heart
image_2709.jpg,Heart
image_271.jpg,Heart
image_2710.jpg,Square
image_2711.jpg,Heart
image_2712.jpg,Heart
image_2713.jpg,Heart
image_2714.jpg,Round
image_2715.jpg,Heart
image_2716.jpg,Heart
image_2717.jpg,Heart
image_2718.jpg,Heart
image_2719.jpg,Round
image_2720.jpg,Heart
image_2721.jpg,Round
image_2722.jpg,Round
image_2723.jpg,Round
image_2724.jpg,Heart
image_2725.jpg,Round
image_2726.jpg,Heart
image_2727.jpg,Round
image_2728.jpg,Round
image_2729.jpg,Heart
image_273.jpg,Heart
image_2730.jpg,Heart
image_2731.jpg,Heart
image_2732.jpg,Square
image_2733.jpg,Round
image_2734.jpg,Heart
image_2735.jpg,Heart
image_2736.jpg,Round
image_2738.jpg,Square
image_2739.jpg,Heart
image_274.jpg,Heart
image_2741.jpg,Heart
image_2742.jpg,Heart
image_2743.jpg,Heart
image_2744.jpg,Heart
image_2746.jpg,Heart
image_2747.jpg,Heart
image_2748.jpg,Heart
image_2749.jpg,Round
image_275.jpg,Heart
image_2750.jpg,Heart
image_2751.jpg,Heart
image_2752.jpg,Round
image_2756.jpg,Round
image_2757.jpg,Heart
image_2758.jpg,Round
image_2759.jpg,Heart
image_276.jpg,Heart
image_2760.jpg,Heart
image_2761.jpg,Heart
image_2762.jpg,Round
image_2763.jpg,Round
image_2764.jpg,Heart
image_2765.jpg,Heart
image_2767.jpg,Heart
image_2768.jpg,Heart
image_2769.jpg,Heart
image_2770.jpg,Heart
image_2771.jpg,Heart
image_2772.jpg,Heart
image_2773.jpg,Square
image_2774.jpg,Heart
image_2775.jpg,Heart
image_2776.jpg,Round
image_2777.jpg,Heart
image_2778.jpg,Heart
image_2779.jpg,Heart
image_278.jpg,Round
image_2780.jpg,Square
image_2781.jpg,Heart
image_2782.jpg,Square
image_2783.jpg,Heart
image_2784.jpg,Heart
image_2786.jpg,Round
image_2787.jpg,Heart
image_2788.jpg,Heart
image_2789.jpg,Heart
image_279.jpg,Heart
image_2790.jpg,Heart
image_2792.jpg,Heart
image_2793.jpg,Heart
image_2795.jpg,Heart
image_2798.jpg,Heart
image_2799.jpg,Heart
image_280.jpg,Round
image_2800.jpg,Heart
image_2803.jpg,Heart
image_2804.jpg,Heart
image_2807.jpg,Heart
image_2808.jpg,Heart
image_2809.jpg,Heart
image_2810.jpg,Heart
image_2811.jpg,Heart
image_2812.jpg,Oval
image_2813.jpg,Heart
image_2814.jpg,Heart
image_2816.jpg,Round
image_2819.jpg,Heart
image_282.jpg,Heart
image_2820.jpg,Heart
image_2822.jpg,Round
image_2823.jpg,Round
image_2824.jpg,Heart
image_2826.jpg,Round
image_2827.jpg,Heart
image_2828.jpg,Heart
image_2829.jpg,Heart
image_2830.jpg,Heart
image_2832.jpg,Heart
image_2833.jpg,Heart
image_2834.jpg,Heart
image_2835.jpg,Heart
image_2836.jpg,Heart
image_2837.jpg,Round
image_2838.jpg,Heart
image_2839.jpg,Heart
image_284.jpg,Heart
image_2840.jpg,Heart
image_2841.jpg,Heart
image_2842.jpg,Round
image_2843.jpg,Heart
image_2844.jpg,Round
image_2845.jpg,Round
image_2846.jpg,Heart
image_2847.jpg,Heart
image_2849.jpg,Round
image_285.jpg,Heart
image_2850.jpg,Heart
image_2851.jpg,Round
image_2852.jpg,Heart
image_2853.jpg,Heart
image_2854.jpg,Square
image_2855.jpg,Round
image_2857.jpg,Heart
image_2858.jpg,Heart
image_2859.jpg,Round
image_286.jpg,Round
image_2860.jpg,Round
image_2861.jpg,Heart
image_2862.jpg,Heart
image_2863.jpg,Heart
image_2864.jpg,Heart
image_2865.jpg,Round
image_2866.jpg,Heart
image_2867.jpg,Round
image_2868.jpg,Round
image_287.jpg,Round
image_2870.jpg,Heart
image_2871.jpg,Heart
image_2872.jpg,Heart
image_2873.jpg,Heart
image_2874.jpg,Heart
image_2875.jpg,Round
image_2876.jpg,Heart
image_2878.jpg,Heart
image_2879.jpg,Oval
image_2880.jpg,Round
image_2881.jpg,Heart
image_2882.jpg,Heart
image_2883.jpg,Heart
image_2884.jpg,Heart
image_2885.jpg,Round
image_2886.jpg,Heart
image_2887.jpg,Heart
image_2888.jpg,Heart
image_2889.jpg,Round
image_289.jpg,Heart
image_2891.jpg,Heart
image_2892.jpg,Heart
image_2893.jpg,Round
image_2894.jpg,Round
image_2895.jpg,Heart
image_2896.jpg,Heart
image_2897.jpg,Heart
image_2898.jpg,Heart
image_2899.jpg,Heart
image_29.jpg,Heart
image_290.jpg,Heart
image_2901.jpg,Heart
image_2903.jpg,Heart
image_2905.jpg,Heart
image_2906.jpg,Heart
image_2907.jpg,Heart
image_2908.jpg,Heart
image_291.jpg,Square
image_2911.jpg,Round
image_2912.jpg,Square
image_2913.jpg,Heart
image_2914.jpg,Heart
image_2915.jpg,Heart
image_2917.jpg,Heart
image_2918.jpg,Round
image_2919.jpg,Heart
image_292.jpg,Round
image_2920.jpg,Heart
image_2921.jpg,Heart
image_2922.jpg,Heart
image_2923.jpg,Heart
image_2924.jpg,Round
image_2925.jpg,Heart
image_2926.jpg,Heart
image_2928.jpg,Heart
image_2929.jpg,Round
image_293.jpg,Heart
image_2930.jpg,Heart
image_2931.jpg,Heart
image_2932.jpg,Heart
image_2933.jpg,Square
image_2935.jpg,Heart
image_2936.jpg,Round
image_2938.jpg,Heart
image_2939.jpg,Heart
image_294.jpg,Round
image_2940.jpg,Heart
image_2941.jpg,Heart
image_2944.jpg,Round
image_2945.jpg,Heart
image_2946.jpg,Heart
image_2947.jpg,Heart
image_2948.jpg,Heart
image_2949.jpg,Round
image_295.jpg,Round
image_2950.jpg,Heart
image_2951.jpg,Square
image_2952.jpg,Round
image_2953.jpg,Heart
image_2954.jpg,Round
image_2955.jpg,Heart
image_2956.jpg,Heart
image_2958.jpg,Round
image_2959.jpg,Round
image_296.jpg,Round
image_2960.jpg,Heart
image_2961.jpg,Heart
image_2963.jpg,Square
image_2964.jpg,Heart
image_2965.jpg,Heart
image_2967.jpg,Heart
image_2968.jpg,Round
image_2969.jpg,Heart
image_297.jpg,Heart
image_2970.jpg,Round
image_2971.jpg,Square
image_2974.jpg,Heart
image_2975.jpg,Heart
image_2976.jpg,Heart
image_2977.jpg,Round
image_2978.jpg,Heart
image_2979.jpg,Round
image_2981.jpg,Heart
image_2983.jpg,Heart
image_2985.jpg,Heart
image_2986.jpg,Heart
image_2987.jpg,Round
image_2988.jpg,Heart
image_2989.jpg,Heart
image_299.jpg,Heart
image_2990.jpg,Heart
image_2991.jpg,Heart
image_2993.jpg,Oval
image_2995.jpg,Heart
image_2997.jpg,Heart
image_2998.jpg,Heart
image_2999.jpg,Square
image_3001.jpg,Oval
image_3002.jpg,Heart
image_3004.jpg,Heart
image_3006.jpg,Square
image_3008.jpg,Heart
image_3009.jpg,Heart
image_301.jpg,Heart
image_3011.jpg,Heart
image_3012.jpg,Round
image_3014.jpg,Heart
image_3016.jpg,Heart
image_3017.jpg,Round
image_3018.jpg,Heart
image_3019.jpg,Square
image_3020.jpg,Heart
image_3021.jpg,Heart
image_3022.jpg,Heart
image_3023.jpg,Heart
image_3025.jpg,Round
image_3026.jpg,Oval
image_3027.jpg,Round
image_3028.jpg,Heart
image_3029.jpg,Square
image_303.jpg,Heart
image_3030.jpg,Heart
image_3031.jpg,Round
image_3032.jpg,Heart
image_3033.jpg,Square
image_3034.jpg,Heart
image_3035.jpg,Heart
image_3036.jpg,Round
image_3037.jpg,Heart
image_3038.jpg,Heart
image_3039.jpg,Heart
image_304.jpg,Round
image_3041.jpg,Round
image_3042.jpg,Heart
image_3043.jpg,Heart
image_3044.jpg,Heart
image_3045.jpg,Round
image_3046.jpg,Oval
image_3047.jpg,Square
image_3048.jpg,Round
image_3049.jpg,Heart
image_305.jpg,Heart
image_3051.jpg,Round
image_3052.jpg,Heart
image_3053.jpg,Round
image_3054.jpg,Round
image_3055.jpg,Round
image_3056.jpg,Heart
image_3057.jpg,Oval
image_3058.jpg,Heart
image_3059.jpg,Heart
image_306.jpg,Heart
image_3060.jpg,Heart
image_3061.jpg,Round
image_3062.jpg,Heart
image_3063.jpg,Heart
image_3064.jpg,Round
image_3065.jpg,Heart
image_3066.jpg,Heart
image_3067.jpg,Heart
image_3069.jpg,Heart
image_3070.jpg,Square
image_3071.jpg,Round
image_3072.jpg,Heart
image_3073.jpg,Heart
image_3074.jpg,Heart
image_3076.jpg,Heart
image_3077.jpg,Round
image_3078.jpg,Square
image_3079.jpg,Heart
image_308.jpg,Round
image_3080.jpg,Heart
image_3081.jpg,Heart
image_3082.jpg,Heart
image_3083.jpg,Round
image_3085.jpg,Heart
image_3086.jpg,Heart
image_3087.jpg,Heart
image_3088.jpg,Heart
image_3090.jpg,Heart
image_3091.jpg,Round
image_3092.jpg,Heart
image_3094.jpg,Heart
image_3096.jpg,Heart
image_3097.jpg,Heart
image_3099.jpg,Round
image_31.jpg,Heart
image_310.jpg,Round
image_3101.jpg,Heart
image_3102.jpg,Round
image_3103.jpg,Heart
image_3105.jpg,Round
image_3107.jpg,Round
image_3108.jpg,Round
image_3109.jpg,Round
image_311.jpg,Heart
image_3111.jpg,Heart
image_3112.jpg,Heart
image_3113.jpg,Heart
image_3114.jpg,Round
image_3115.jpg,Heart
image_3116.jpg,Heart
image_3117.jpg,Heart
image_3118.jpg,Round
image_3119.jpg,Heart
image_312.jpg,Round
image_3120.jpg,Heart
image_3122.jpg,Heart
image_3123.jpg,Heart
image_3124.jpg,Heart
image_3125.jpg,Heart
image_3126.jpg,Heart
image_3127.jpg,Heart
image_3129.jpg,Heart
image_3130.jpg,Heart
image_3131.jpg,Heart
image_3132.jpg,Square
image_3133.jpg,Heart
image_3135.jpg,Round
image_3136.jpg,Round
image_3137.jpg,Heart
image_3138.jpg,Square
image_3139.jpg,Round
image_314.jpg,Heart
image_3140.jpg,Round
image_3141.jpg,Round
image_3142.jpg,Round
image_3143.jpg,Heart
image_3144.jpg,Heart
image_3145.jpg,Heart
image_3148.jpg,Heart
image_3149.jpg,Heart
image_315.jpg,Heart
image_3150.jpg,Heart
image_3151.jpg,Heart
image_3152.jpg,Round
image_3154.jpg,Oval
image_3155.jpg,Heart
image_3157.jpg,Heart
image_3158.jpg,Heart
image_3159.jpg,Round
image_316.jpg,Heart
image_3160.jpg,Round
image_3161.jpg,Heart
image_3162.jpg,Heart
image_3163.jpg,Round
image_3164.jpg,Oval
image_3165.jpg,Round
image_3166.jpg,Round
image_3167.jpg,Round
image_3169.jpg,Heart
image_317.jpg,Heart
image_3171.jpg,Heart
image_3172.jpg,Round
image_3175.jpg,Heart
image_3176.jpg,Heart
image_3177.jpg,Heart
image_3178.jpg,Heart
image_3179.jpg,Round
image_318.jpg,Heart
image_3180.jpg,Heart
image_3181.jpg,Heart
image_3182.jpg,Heart
image_3183.jpg,Heart
image_3184.jpg,Heart
image_3185.jpg,Heart
image_3187.jpg,Heart
image_3188.jpg,Heart
image_3189.jpg,Square
image_319.jpg,Heart
image_3190.jpg,Heart
image_3191.jpg,Heart
image_3192.jpg,Round
image_3193.jpg,Heart
image_3197.jpg,Square
image_3198.jpg,Heart
image_32.jpg,Heart
image_3200.jpg,Round
image_3201.jpg,Heart
image_3202.jpg,Round
image_3203.jpg,Heart
image_3205.jpg,Round
image_3206.jpg,Heart
image_3207.jpg,Heart
image_3208.jpg,Heart
image_3209.jpg,Round
image_321.jpg,Heart
image_3211.jpg,Heart
image_3212.jpg,Heart
image_3213.jpg,Heart
image_3215.jpg,Heart
image_3216.jpg,Heart
image_3217.jpg,Heart
image_3218.jpg,Round
image_3219.jpg,Heart
image_3220.jpg,Round
image_3221.jpg,Heart
image_3222.jpg,Round
image_3223.jpg,Round
image_3224.jpg,Heart
image_3225.jpg,Heart
image_3226.jpg,Round
image_3227.jpg,Square
image_3228.jpg,Round
image_3229.jpg,Heart
image_323.jpg,Heart
image_3230.jpg,Round
image_3231.jpg,Round
image_3232.jpg,Heart
image_3235.jpg,Heart
image_3236.jpg,Heart
image_3237.jpg,Heart
image_3238.jpg,Round
image_324.jpg,Heart
image_3240.jpg,Heart
image_3241.jpg,Heart
image_3242.jpg,Round
image_3243.jpg,Heart
image_3244.jpg,Round
image_3245.jpg,Round
image_3246.jpg,Heart
image_3249.jpg,Round
image_325.jpg,Heart
image_3250.jpg,Heart
image_3251.jpg,Round
image_3253.jpg,Heart
image_3255.jpg,Heart
image_3256.jpg,Oval
image_3257.jpg,Heart
image_3258.jpg,Round
image_3259.jpg,Heart
image_326.jpg,Heart
image_3260.jpg,Heart
image_3261.jpg,Heart
image_3262.jpg,Round
image_3263.jpg,Heart
image_3264.jpg,Oval
image_3265.jpg,Heart
image_3266.jpg,Heart
image_3267.jpg,Heart
image_3268.jpg,Square
image_327.jpg,Heart
image_3270.jpg,Heart
image_3272.jpg,Heart
image_3273.jpg,Square
image_3274.jpg,Round
image_3277.jpg,Round
image_3278.jpg,Square
image_3280.jpg,Square
image_3282.jpg,Square
image_3283.jpg,Heart
image_3285.jpg,Heart
image_3286.jpg,Round
image_3287.jpg,Heart
image_3288.jpg,Heart
image_3289.jpg,Heart
image_3290.jpg,Square
image_3291.jpg,Heart
image_3292.jpg,Heart
image_3293.jpg,Round
image_3294.jpg,Oval
image_3295.jpg,Square
image_3296.jpg,Round
image_3297.jpg,Heart
image_3298.jpg,Heart
image_33.jpg,Square
image_330.jpg,Heart
image_3301.jpg,Round
image_3302.jpg,Round
image_3303.jpg,Oval
image_3304.jpg,Heart
image_3305.jpg,Round
image_3306.jpg,Heart
image_3307.jpg,Heart
image_3308.jpg,Heart
image_3309.jpg,Round
image_331.jpg,Heart
image_3310.jpg,Heart
image_3311.jpg,Heart
image_3312.jpg,Heart
image_3313.jpg,Heart
image_3314.jpg,Heart
image_3315.jpg,Round
image_3316.jpg,Heart
image_3317.jpg,Heart
image_3318.jpg,Round
image_3319.jpg,Heart
image_332.jpg,Round
image_3320.jpg,Heart
image_3321.jpg,Heart
image_3322.jpg,Round
image_3323.jpg,Heart
image_3324.jpg,Heart
image_3326.jpg,Heart
image_3327.jpg,Round
image_3328.jpg,Round
image_3329.jpg,Round
image_333.jpg,Heart
image_3330.jpg,Round
image_3331.jpg,Heart
image_3332.jpg,Heart
image_3334.jpg,Heart
image_3335.jpg,Heart
image_3337.jpg,Round
image_334.jpg,Heart
image_3340.jpg,Heart
image_3341.jpg,Round
image_3342.jpg,Heart
image_3343.jpg,Round
image_3344.jpg,Heart
image_3345.jpg,Round
image_3346.jpg,Heart
image_3347.jpg,Heart
image_3348.jpg,Heart
image_335.jpg,Round
image_3350.jpg,Heart
image_3351.jpg,Round
image_3353.jpg,Round
image_3354.jpg,Heart
image_3355.jpg,Round
image_3356.jpg,Round
image_3357.jpg,Heart
image_3358.jpg,Round
image_3359.jpg,Heart
image_336.jpg,Heart
image_3360.jpg,Heart
image_3361.jpg,Round
image_3363.jpg,Round
image_3364.jpg,Round
image_3365.jpg,Heart
image_3366.jpg,Heart
image_3367.jpg,Square
image_3368.jpg,Heart
image_3369.jpg,Round
image_337.jpg,Heart
image_3370.jpg,Heart
image_3372.jpg,Oval
image_3373.jpg,Heart
image_3374.jpg,Heart
image_3375.jpg,Heart
image_3376.jpg,Heart
image_3377.jpg,Heart
image_3378.jpg,Heart
image_3379.jpg,Heart
image_338.jpg,Heart
image_3380.jpg,Heart
image_3381.jpg,Heart
image_3382.jpg,Heart
image_3383.jpg,Heart
image_3385.jpg,Heart
image_3387.jpg,Heart
image_3388.jpg,Square
image_3389.jpg,Heart
image_339.jpg,Round
image_3390.jpg,Heart
image_3391.jpg,Heart
image_3392.jpg,Heart
image_3394.jpg,Heart
image_3395.jpg,Round
image_3396.jpg,Heart
image_3397.jpg,Round
image_3398.jpg,Heart
image_3399.jpg,Heart
image_34.jpg,Heart
image_3400.jpg,Heart
image_3401.jpg,Heart
image_3402.jpg,Heart
image_3403.jpg,Round
image_3404.jpg,Square
image_3405.jpg,Heart
image_3406.jpg,Heart
image_3407.jpg,Heart
image_3408.jpg,Heart
image_3409.jpg,Heart
image_341.jpg,Round
image_3410.jpg,Round
image_3411.jpg,Square
image_3412.jpg,Heart
image_3413.jpg,Round
image_3414.jpg,Heart
image_3415.jpg,Heart
image_3416.jpg,Heart
image_3418.jpg,Heart
image_3419.jpg,Heart
image_3420.jpg,Heart
image_3421.jpg,Heart
image_3423.jpg,Heart
image_3425.jpg,Heart
image_3426.jpg,Heart
image_343.jpg,Heart
image_3431.jpg,Heart
image_3432.jpg,Round
image_3434.jpg,Round
image_3435.jpg,Heart
image_3436.jpg,Heart
image_3438.jpg,Square
image_3439.jpg,Heart
image_344.jpg,Heart
image_3440.jpg,Heart
image_3441.jpg,Heart
image_3443.jpg,Square
image_3444.jpg,Heart
image_3445.jpg,Round
image_3446.jpg,Round
image_3447.jpg,Round
image_3448.jpg,Round
image_3449.jpg,Heart
image_345.jpg,Heart
image_3450.jpg,Heart
image_3451.jpg,Heart
image_3452.jpg,Heart
image_3454.jpg,Heart
image_3456.jpg,Round
image_3457.jpg,Heart
image_3459.jpg,Heart
image_346.jpg,Heart
image_3460.jpg,Heart
image_3462.jpg,Heart
image_3463.jpg,Heart
image_3464.jpg,Heart
image_3465.jpg,Heart
image_3468.jpg,Heart
image_3469.jpg,Heart
image_347.jpg,Heart
image_3471.jpg,Oval
image_3472.jpg,Heart
image_3473.jpg,Round
image_3474.jpg,Heart
image_3475.jpg,Heart
image_3476.jpg,Round
image_3477.jpg,Round
image_3478.jpg,Round
image_3479.jpg,Heart
image_348.jpg,Heart
image_3480.jpg,Round
image_3483.jpg,Round
image_3484.jpg,Square
image_3486.jpg,Heart
image_3487.jpg,Heart
image_3488.jpg,Heart
image_3489.jpg,Heart
image_349.jpg,Heart
image_3490.jpg,Heart
image_3491.jpg,Heart
image_3492.jpg,Heart
image_3493.jpg,Heart
image_3494.jpg,Heart
image_3495.jpg,Heart
image_3496.jpg,Round
image_3497.jpg,Round
image_3498.jpg,Heart
image_3499.jpg,Heart
image_35.jpg,Round
image_350.jpg,Oval
image_3500.jpg,Oval
image_3501.jpg,Heart
image_3502.jpg,Round
image_3503.jpg,Heart
image_3505.jpg,Heart
image_3506.jpg,Round
image_3509.jpg,Heart
image_351.jpg,Heart
image_3510.jpg,Heart
image_3511.jpg,Heart
image_3512.jpg,Oval
image_3513.jpg,Heart
image_3514.jpg,Heart
image_3515.jpg,Heart
image_3516.jpg,Heart
image_3518.jpg,Square
image_3519.jpg,Round
image_352.jpg,Round
image_3520.jpg,Round
image_3523.jpg,Round
image_3524.jpg,Square
image_3526.jpg,Heart
image_3527.jpg,Heart
image_3528.jpg,Heart
image_353.jpg,Heart
image_3530.jpg,Square
image_3531.jpg,Round
image_3532.jpg,Heart
image_3534.jpg,Heart
image_3535.jpg,Round
image_3536.jpg,Heart
image_3538.jpg,Heart
image_3539.jpg,Round
image_354.jpg,Heart
image_3541.jpg,Oval
image_3542.jpg,Heart
image_3544.jpg,Heart
image_3545.jpg,Round
image_3546.jpg,Heart
image_3547.jpg,Heart
image_3548.jpg,Heart
image_3549.jpg,Heart
image_355.jpg,Heart
image_3550.jpg,Heart
image_3551.jpg,Square
image_3552.jpg,Heart
image_3553.jpg,Heart
image_3554.jpg,Heart
image_3555.jpg,Heart
image_3557.jpg,Heart
image_3558.jpg,Heart
image_3559.jpg,Heart
image_356.jpg,Heart
image_3560.jpg,Heart
image_3562.jpg,Round
image_3563.jpg,Heart
image_3564.jpg,Heart
image_3565.jpg,Heart
image_3566.jpg,Heart
image_3567.jpg,Heart
image_3568.jpg,Heart
image_3569.jpg,Square
image_357.jpg,Heart
image_3570.jpg,Heart
image_3571.jpg,Round
image_3572.jpg,Heart
image_3573.jpg,Heart
image_3577.jpg,Heart
image_3578.jpg,Heart
image_3579.jpg,Heart
image_358.jpg,Round
image_3580.jpg,Round
image_3582.jpg,Heart
image_3584.jpg,Heart
image_3585.jpg,Heart
image_3586.jpg,Heart
image_3588.jpg,Heart
image_359.jpg,Heart
image_3590.jpg,Heart
image_3591.jpg,Round
image_3592.jpg,Heart
image_3593.jpg,Round
image_3594.jpg,Heart
image_3595.jpg,Heart
image_3596.jpg,Heart
image_3598.jpg,Heart
image_3599.jpg,Round
image_36.jpg,Heart
image_360.jpg,Round
image_3600.jpg,Square
image_3601.jpg,Heart
image_3602.jpg,Heart
image_3603.jpg,Heart
image_3605.jpg,Round
image_3606.jpg,Round
image_3607.jpg,Heart
image_3609.jpg,Square
image_361.jpg,Heart
image_3610.jpg,Round
image_3611.jpg,Heart
image_3612.jpg,Round
image_3613.jpg,Heart
image_3614.jpg,Heart
image_3615.jpg,Heart
image_3616.jpg,Heart
image_362.jpg,Heart
image_3620.jpg,Round
image_3621.jpg,Heart
image_3624.jpg,Heart
image_3625.jpg,Round
image_3626.jpg,Heart
image_3627.jpg,Round
image_3629.jpg,Heart
image_363.jpg,Heart
image_3630.jpg,Heart
image_3631.jpg,Heart
image_3632.jpg,Heart
image_3633.jpg,Heart
image_3634.jpg,Heart
image_3636.jpg,Round
image_3637.jpg,Heart
image_3639.jpg,Round
image_364.jpg,Heart
image_3641.jpg,Round
image_3642.jpg,Round
image_3643.jpg,Heart
image_3644.jpg,Heart
image_3645.jpg,Heart
image_3646.jpg,Heart
image_3647.jpg,Square
image_3648.jpg,Heart
image_3649.jpg,Heart
image_365.jpg,Oval
image_3650.jpg,Round
image_3651.jpg,Heart
image_3652.jpg,Heart
image_3654.jpg,Heart
image_3656.jpg,Heart
image_3657.jpg,Heart
image_3658.jpg,Round
image_3659.jpg,Square
image_366.jpg,Heart
image_3660.jpg,Heart
image_3661.jpg,Heart
image_3663.jpg,Heart
image_3664.jpg,Heart
image_3665.jpg,Round
image_3666.jpg,Heart
image_3667.jpg,Heart
image_3668.jpg,Heart
image_3669.jpg,Round
image_367.jpg,Round
image_3670.jpg,Round
image_3671.jpg,Heart
image_3673.jpg,Square
image_3674.jpg,Round
image_3676.jpg,Heart
image_3677.jpg,Round
image_3678.jpg,Heart
image_3679.jpg,Heart
image_3680.jpg,Heart
image_3681.jpg,Heart
image_3683.jpg,Heart
image_3684.jpg,Square
image_3685.jpg,Round
image_3686.jpg,Heart
image_3687.jpg,Square
image_3688.jpg,Heart
image_3689.jpg,Round
image_369.jpg,Heart
image_3690.jpg,Round
image_3691.jpg,Heart
image_3692.jpg,Heart
image_3693.jpg,Heart
image_3694.jpg,Heart
image_3695.jpg,Heart
image_3696.jpg,Square
image_3697.jpg,Round
image_3698.jpg,Heart
image_3699.jpg,Round
image_37.jpg,Heart
image_370.jpg,Round
image_3700.jpg,Oval
image_3703.jpg,Heart
image_3704.jpg,Round
image_3705.jpg,Heart
image_3706.jpg,Round
image_3708.jpg,Heart
image_3709.jpg,Heart
image_371.jpg,Heart
image_3710.jpg,Heart
image_3711.jpg,Round
image_3712.jpg,Round
image_3713.jpg,Heart
image_3714.jpg,Heart
image_3715.jpg,Round
image_3717.jpg,Round
image_3718.jpg,Heart
image_3719.jpg,Heart
image_3721.jpg,Heart
image_3722.jpg,Heart
image_3723.jpg,Heart
image_3724.jpg,Heart
image_3725.jpg,Round
image_3726.jpg,Heart
image_3727.jpg,Heart
image_3728.jpg,Heart
image_3729.jpg,Heart
image_373.jpg,Heart
image_3731.jpg,Heart
image_3732.jpg,Square
image_3733.jpg,Heart
image_3734.jpg,Heart
image_3735.jpg,Heart
image_3736.jpg,Heart
image_3737.jpg,Heart
image_3738.jpg,Oval
image_3739.jpg,Heart
image_374.jpg,Heart
image_3740.jpg,Heart
image_3741.jpg,Heart
image_3742.jpg,Heart
image_3746.jpg,Square
image_3749.jpg,Round
image_375.jpg,Heart
image_3750.jpg,Heart
image_3751.jpg,Heart
image_3752.jpg,Square
image_3753.jpg,Heart
image_3754.jpg,Round
image_3755.jpg,Round
image_3756.jpg,Round
image_3759.jpg,Heart
image_376.jpg,Round
image_3760.jpg,Heart
image_3761.jpg,Heart
image_3762.jpg,Round
image_3764.jpg,Square
image_3765.jpg,Heart
image_3766.jpg,Heart
image_3767.jpg,Heart
image_3768.jpg,Heart
image_3769.jpg,Heart
image_377.jpg,Heart
image_3770.jpg,Heart
image_3771.jpg,Heart
image_3772.jpg,Heart
image_3773.jpg,Heart
image_3774.jpg,Heart
image_3776.jpg,Heart
image_3777.jpg,Round
image_3778.jpg,Heart
image_3779.jpg,Oval
image_378.jpg,Heart
image_3780.jpg,Heart
image_3781.jpg,Heart
image_3782.jpg,Round
image_3783.jpg,Square
image_3784.jpg,Heart
image_3786.jpg,Square
image_3787.jpg,Heart
image_3788.jpg,Heart
image_3789.jpg,Heart
image_3790.jpg,Heart
image_3792.jpg,Heart
image_3793.jpg,Heart
image_3794.jpg,Heart
image_3795.jpg,Heart
image_3796.jpg,Heart
image_3798.jpg,Heart
image_38.jpg,Heart
image_380.jpg,Heart
image_3800.jpg,Heart
image_3801.jpg,Heart
image_3802.jpg,Square
image_3804.jpg,Heart
image_3806.jpg,Heart
image_3807.jpg,Heart
image_3808.jpg,Square
image_3809.jpg,Heart
image_3811.jpg,Heart
image_3812.jpg,Heart
image_3813.jpg,Heart
image_3814.jpg,Heart
image_3815.jpg,Heart
image_3816.jpg,Heart
image_3817.jpg,Heart
image_3818.jpg,Round
image_3819.jpg,Round
image_382.jpg,Heart
image_3820.jpg,Heart
image_3821.jpg,Heart
image_3822.jpg,Heart
image_3823.jpg,Heart
image_3824.jpg,Heart
image_3825.jpg,Round
image_3826.jpg,Heart
image_3827.jpg,Round
image_3829.jpg,Heart
image_383.jpg,Heart
image_3830.jpg,Round
image_3831.jpg,Heart
image_3833.jpg,Heart
image_3835.jpg,Round
image_3836.jpg,Round
image_3837.jpg,Heart
image_3838.jpg,Heart
image_3839.jpg,Heart
image_384.jpg,Oval
image_3840.jpg,Heart
image_3841.jpg,Heart
image_3843.jpg,Round
image_3844.jpg,Heart
image_3845.jpg,Round
image_3846.jpg,Heart
image_3847.jpg,Oval
image_3849.jpg,Heart
image_385.jpg,Heart
image_3850.jpg,Round
image_3851.jpg,Heart
image_3852.jpg,Round
image_3853.jpg,Square
image_3854.jpg,Round
image_3855.jpg,Heart
image_3856.jpg,Heart
image_3858.jpg,Round
image_386.jpg,Square
image_3860.jpg,Round
image_3861.jpg,Heart
image_3862.jpg,Heart
image_3863.jpg,Heart
image_3864.jpg,Heart
image_3865.jpg,Heart
image_3866.jpg,Round
image_3867.jpg,Round
image_3868.jpg,Square
image_3869.jpg,Heart
image_387.jpg,Heart
image_3870.jpg,Heart
image_3871.jpg,Heart
image_3872.jpg,Heart
image_3873.jpg,Heart
image_3874.jpg,Heart
image_3875.jpg,Round
image_3876.jpg,Heart
image_3877.jpg,Heart
image_3878.jpg,Round
image_3879.jpg,Heart
image_388.jpg,Square
image_3881.jpg,Heart
image_3882.jpg,Heart
image_3883.jpg,Heart
image_3884.jpg,Heart
image_3885.jpg,Heart
image_3887.jpg,Heart
image_3888.jpg,Round
image_389.jpg,Round
image_3890.jpg,Heart
image_3891.jpg,Round
image_3893.jpg,Heart
image_3895.jpg,Square
image_3896.jpg,Heart
image_3897.jpg,Heart
image_3899.jpg,Heart
image_39.jpg,Heart
image_390.jpg,Heart
image_3900.jpg,Heart
image_3901.jpg,Heart
image_3902.jpg,Heart
image_3903.jpg,Heart
image_3904.jpg,Round
image_3905.jpg,Heart
image_3906.jpg,Heart
image_3908.jpg,Heart
image_3909.jpg,Heart
image_391.jpg,Round
image_3910.jpg,Round
image_3911.jpg,Round
image_3912.jpg,Heart
image_3914.jpg,Heart
image_3915.jpg,Square
image_3916.jpg,Heart
image_3917.jpg,Heart
image_3918.jpg,Heart
image_3919.jpg,Heart
image_392.jpg,Round
image_3920.jpg,Heart
image_3921.jpg,Heart
image_3922.jpg,Heart
image_3923.jpg,Oval
image_3924.jpg,Heart
image_3925.jpg,Heart
image_3926.jpg,Heart
image_3928.jpg,Heart
image_3929.jpg,Round
image_393.jpg,Heart
image_3931.jpg,Heart
image_3932.jpg,Square
image_3934.jpg,Heart
image_3935.jpg,Heart
image_3936.jpg,Heart
image_3937.jpg,Round
image_3938.jpg,Round
image_3939.jpg,Heart
image_394.jpg,Round
image_3940.jpg,Heart
image_3941.jpg,Square
image_3942.jpg,Heart
image_3943.jpg,Heart
image_3944.jpg,Heart
image_3945.jpg,Heart
image_3947.jpg,Heart
image_3949.jpg,Round
image_3950.jpg,Heart
image_3951.jpg,Heart
image_3952.jpg,Heart
image_3953.jpg,Heart
image_3955.jpg,Heart
image_3956.jpg,Square
image_3957.jpg,Heart
image_3958.jpg,Heart
image_3959.jpg,Round
image_396.jpg,Heart
image_3961.jpg,Heart
image_3962.jpg,Heart
image_3963.jpg,Heart
image_3964.jpg,Heart
image_3965.jpg,Heart
image_3966.jpg,Heart
image_3967.jpg,Oval
image_3968.jpg,Round
image_3969.jpg,Round
image_397.jpg,Heart
image_3970.jpg,Heart
image_3971.jpg,Round
image_3973.jpg,Heart
image_3974.jpg,Heart
image_3975.jpg,Round
image_3976.jpg,Heart
image_3977.jpg,Heart
image_3978.jpg,Heart
image_398.jpg,Heart
image_3980.jpg,Heart
image_3981.jpg,Round
image_3982.jpg,Heart
image_3983.jpg,Heart
image_3985.jpg,Round
image_3988.jpg,Heart
image_3989.jpg,Heart
image_399.jpg,Heart
image_3990.jpg,Square
image_3991.jpg,Square
image_3993.jpg,Heart
image_3994.jpg,Heart
image_3995.jpg,Heart
image_3996.jpg,Heart
image_3998.jpg,Heart
image_4.jpg,Round
image_40.jpg,Heart
image_400.jpg,Heart
image_4002.jpg,Heart
image_4003.jpg,Heart
image_4006.jpg,Heart
image_4009.jpg,Heart
image_401.jpg,Heart
image_4012.jpg,Heart
image_4013.jpg,Heart
image_4014.jpg,Heart
image_4015.jpg,Round
image_4016.jpg,Square
image_4017.jpg,Heart
image_4018.jpg,Heart
image_4019.jpg,Heart
image_402.jpg,Heart
image_4020.jpg,Round
image_4022.jpg,Heart
image_4023.jpg,Round
image_4024.jpg,Round
image_4026.jpg,Heart
image_4028.jpg,Heart
image_4029.jpg,Square
image_403.jpg,Oval
image_4030.jpg,Heart
image_4031.jpg,Round
image_4032.jpg,Heart
image_4033.jpg,Heart
image_4034.jpg,Heart
image_4035.jpg,Round
image_4036.jpg,Heart
image_4037.jpg,Heart
image_4038.jpg,Heart
image_4039.jpg,Heart
image_404.jpg,Heart
image_4040.jpg,Round
image_4043.jpg,Heart
image_4044.jpg,Heart
image_4045.jpg,Heart
image_4046.jpg,Round
image_4047.jpg,Round
image_4048.jpg,Heart
image_4049.jpg,Heart
image_4050.jpg,Round
image_4051.jpg,Square
image_4052.jpg,Round
image_4053.jpg,Round
image_4054.jpg,Round
image_4055.jpg,Heart
image_4056.jpg,Heart
image_4057.jpg,Heart
image_4058.jpg,Oval
image_4060.jpg,Round
image_4061.jpg,Heart
image_4062.jpg,Heart
image_4063.jpg,Heart
image_4064.jpg,Heart
image_4066.jpg,Heart
image_4067.jpg,Round
image_4068.jpg,Heart
image_4069.jpg,Heart
image_407.jpg,Round
image_4071.jpg,Round
image_4073.jpg,Round
image_4074.jpg,Heart
image_4075.jpg,Round
image_4076.jpg,Heart
image_4077.jpg,Heart
image_4078.jpg,Heart
image_4079.jpg,Square
image_4082.jpg,Heart
image_4083.jpg,Heart
image_4085.jpg,Round
image_4086.jpg,Heart
image_4088.jpg,Heart
image_4089.jpg,Heart
image_409.jpg,Heart
image_4090.jpg,Heart
image_4091.jpg,Oval
image_4092.jpg,Round
image_4093.jpg,Round
image_4094.jpg,Heart
image_4095.jpg,Heart
image_4096.jpg,Heart
image_4098.jpg,Oval
image_41.jpg,Heart
image_4101.jpg,Heart
image_4103.jpg,Heart
image_4104.jpg,Heart
image_4105.jpg,Heart
image_4106.jpg,Heart
image_4108.jpg,Heart
image_4109.jpg,Round
image_4110.jpg,Heart
image_4111.jpg,Round
image_4113.jpg,Heart
image_4115.jpg,Heart
image_4116.jpg,Round
image_4117.jpg,Round
image_4119.jpg,Round
image_412.jpg,Round
image_4120.jpg,Heart
image_4121.jpg,Heart
image_4122.jpg,Heart
image_4123.jpg,Heart
image_4124.jpg,Heart
image_4125.jpg,Heart
image_4128.jpg,Heart
image_4129.jpg,Heart
image_413.jpg,Heart
image_4130.jpg,Heart
image_4133.jpg,Heart
image_4134.jpg,Round
image_4135.jpg,Heart
image_4136.jpg,Round
image_4137.jpg,Heart
image_4138.jpg,Heart
image_4139.jpg,Round
image_4140.jpg,Square
image_4141.jpg,Heart
image_4142.jpg,Heart
image_4143.jpg,Square
image_4144.jpg,Round
image_4145.jpg,Heart
image_4146.jpg,Heart
image_4148.jpg,Heart
image_4149.jpg,Heart
image_4150.jpg,Heart
image_4151.jpg,Round
image_4152.jpg,Square
image_4154.jpg,Heart
image_4155.jpg,Heart
image_4156.jpg,Round
image_4157.jpg,Heart
image_4159.jpg,Heart
image_4160.jpg,Round
image_4161.jpg,Heart
image_4162.jpg,Heart
image_4163.jpg,Heart
image_4164.jpg,Heart
image_4165.jpg,Heart
image_4166.jpg,Heart
image_4169.jpg,Heart
image_417.jpg,Square
image_4170.jpg,Heart
image_4171.jpg,Heart
image_4172.jpg,Round
image_4174.jpg,Round
image_4175.jpg,Oval
image_4176.jpg,Heart
image_4177.jpg,Heart
image_4178.jpg,Heart
image_4179.jpg,Round
image_418.jpg,Heart
image_4180.jpg,Heart
image_4181.jpg,Round
image_4182.jpg,Round
image_4184.jpg,Heart
image_4185.jpg,Round
image_4186.jpg,Heart
image_4188.jpg,Heart
image_4189.jpg,Heart
image_419.jpg,Heart
image_4190.jpg,Heart
image_4191.jpg,Round
image_4192.jpg,Heart
image_4193.jpg,Round
image_4194.jpg,Round
image_4195.jpg,Oval
image_4196.jpg,Round
image_4197.jpg,Round
image_4198.jpg,Heart
image_420.jpg,Round
image_4200.jpg,Heart
image_4202.jpg,Heart
image_4203.jpg,Heart
image_4205.jpg,Round
image_4206.jpg,Round
image_4207.jpg,Heart
image_4208.jpg,Heart
image_4209.jpg,Heart
image_421.jpg,Heart
image_4210.jpg,Heart
image_4214.jpg,Round
image_4215.jpg,Heart
image_4216.jpg,Heart
image_4217.jpg,Heart
image_4218.jpg,Heart
image_4219.jpg,Heart
image_422.jpg,Heart
image_4221.jpg,Round
image_4222.jpg,Heart
image_4223.jpg,Heart
image_4224.jpg,Round
image_4225.jpg,Heart
image_4227.jpg,Heart
image_4228.jpg,Round
image_4229.jpg,Heart
image_423.jpg,Heart
image_4230.jpg,Round
image_4231.jpg,Round
image_4232.jpg,Round
image_4234.jpg,Heart
image_4235.jpg,Round
image_4236.jpg,Heart
image_4237.jpg,Round
image_4238.jpg,Heart
image_424.jpg,Heart
image_4240.jpg,Round
image_4241.jpg,Square
image_4242.jpg,Heart
image_4243.jpg,Round
image_4244.jpg,Round
image_4245.jpg,Round
image_4246.jpg,Heart
image_4247.jpg,Heart
image_425.jpg,Heart
image_4250.jpg,Heart
image_4251.jpg,Heart
image_4252.jpg,Heart
image_4253.jpg,Heart
image_4254.jpg,Heart
image_4256.jpg,Round
image_4258.jpg,Round
image_426.jpg,Heart
image_4260.jpg,Heart
image_4261.jpg,Heart
image_4262.jpg,Round
image_4263.jpg,Heart
image_4266.jpg,Heart
image_4267.jpg,Heart
image_4268.jpg,Heart
image_4269.jpg,Heart
image_427.jpg,Heart
image_4270.jpg,Round
image_4272.jpg,Round
image_4273.jpg,Heart
image_4274.jpg,Heart
image_4275.jpg,Square
image_4276.jpg,Oval
image_4277.jpg,Heart
image_4278.jpg,Round
image_4279.jpg,Heart
image_428.jpg,Heart
image_4280.jpg,Heart
image_4281.jpg,Round
image_4282.jpg,Heart
image_4283.jpg,Heart
image_4284.jpg,Heart
image_4285.jpg,Round
image_4286.jpg,Heart
image_4287.jpg,Round
image_4288.jpg,Round
image_429.jpg,Square
image_4293.jpg,Heart
image_4295.jpg,Heart
image_4296.jpg,Round
image_4297.jpg,Heart
image_4298.jpg,Heart
image_4299.jpg,Heart
image_43.jpg,Heart
image_4301.jpg,Square
image_4302.jpg,Heart
image_4303.jpg,Heart
image_4304.jpg,Heart
image_4306.jpg,Heart
image_4307.jpg,Heart
image_4308.jpg,Round
image_4309.jpg,Heart
image_431.jpg,Heart
image_4311.jpg,Square
image_4312.jpg,Heart
image_4313.jpg,Heart
image_4314.jpg,Heart
image_4315.jpg,Heart
image_4316.jpg,Heart
image_4317.jpg,Square
image_4318.jpg,Square
image_432.jpg,Square
image_4320.jpg,Square
image_4321.jpg,Heart
image_4322.jpg,Heart
image_4323.jpg,Heart
image_4324.jpg,Heart
image_4326.jpg,Heart
image_4327.jpg,Heart
image_4329.jpg,Heart
image_433.jpg,Heart
image_4330.jpg,Heart
image_4331.jpg,Round
image_4332.jpg,Heart
image_4333.jpg,Round
image_4334.jpg,Heart
image_4336.jpg,Heart
image_4337.jpg,Heart
image_4338.jpg,Heart
image_4339.jpg,Round
image_434.jpg,Round
image_4340.jpg,Heart
image_4341.jpg,Heart
image_4342.jpg,Heart
image_4343.jpg,Round
image_4344.jpg,Heart
image_4347.jpg,Heart
image_4348.jpg,Heart
image_4349.jpg,Heart
image_435.jpg,Round
image_4350.jpg,Heart
image_4351.jpg,Square
image_4352.jpg,Heart
image_4353.jpg,Round
image_4355.jpg,Heart
image_4356.jpg,Heart
image_4357.jpg,Round
image_4359.jpg,Round
image_4360.jpg,Round
image_4361.jpg,Heart
image_4362.jpg,Heart
image_4363.jpg,Heart
image_4364.jpg,Heart
image_4365.jpg,Round
image_4366.jpg,Heart
image_4367.jpg,Round
image_437.jpg,Heart
image_4370.jpg,Heart
image_4371.jpg,Heart
image_4372.jpg,Square
image_4373.jpg,Heart
image_4374.jpg,Heart
image_4375.jpg,Heart
image_4376.jpg,Heart
image_4377.jpg,Square
image_4378.jpg,Heart
image_4379.jpg,Heart
image_4380.jpg,Heart
image_4382.jpg,Heart
image_4383.jpg,Round
image_4384.jpg,Heart
image_4385.jpg,Heart
image_4386.jpg,Heart
image_4387.jpg,Heart
image_4388.jpg,Heart
image_4389.jpg,Round
image_439.jpg,Round
image_4390.jpg,Round
image_4391.jpg,Heart
image_4392.jpg,Oval
image_4393.jpg,Heart
image_4395.jpg,Heart
image_4396.jpg,Oval
image_4397.jpg,Round
image_4398.jpg,Heart
image_4399.jpg,Heart
image_44.jpg,Heart
image_440.jpg,Heart
image_4401.jpg,Square
image_4402.jpg,Heart
image_4403.jpg,Round
image_4404.jpg,Round
image_4405.jpg,Round
image_4406.jpg,Heart
image_4408.jpg,Heart
image_4409.jpg,Round
image_441.jpg,Heart
image_4410.jpg,Heart
image_4411.jpg,Heart
image_4412.jpg,Heart
image_4413.jpg,Heart
image_4414.jpg,Heart
image_4416.jpg,Round
image_4417.jpg,Heart
image_4418.jpg,Heart
image_442.jpg,Heart
image_4420.jpg,Square
image_4421.jpg,Heart
image_4422.jpg,Heart
image_4423.jpg,Heart
image_4424.jpg,Heart
image_4425.jpg,Heart
image_4426.jpg,Heart
image_4427.jpg,Heart
image_4428.jpg,Square
image_4429.jpg,Square
image_443.jpg,Heart
image_4430.jpg,Square
image_4431.jpg,Heart
image_4432.jpg,Heart
image_4433.jpg,Heart
image_4434.jpg,Heart
image_4435.jpg,Heart
image_4437.jpg,Round
image_4438.jpg,Heart
image_4439.jpg,Round
image_444.jpg,Oval
image_4441.jpg,Heart
image_4442.jpg,Heart
image_4443.jpg,Heart
image_4444.jpg,Heart
image_4445.jpg,Heart
image_4446.jpg,Square
image_4447.jpg,Heart
image_4448.jpg,Heart
image_4449.jpg,Round
image_445.jpg,Heart
image_4451.jpg,Heart
image_4452.jpg,Round
image_4453.jpg,Square
image_4454.jpg,Heart
image_4455.jpg,Heart
image_4456.jpg,Heart
image_4457.jpg,Heart
image_4458.jpg,Heart
image_4459.jpg,Heart
image_446.jpg,Round
image_4460.jpg,Heart
image_4461.jpg,Heart
image_4462.jpg,Heart
image_4463.jpg,Heart
image_4464.jpg,Round
image_4466.jpg,Heart
image_4468.jpg,Heart
image_4469.jpg,Heart
image_447.jpg,Heart
image_4470.jpg,Heart
image_4471.jpg,Round
image_4472.jpg,Round
image_4473.jpg,Round
image_4474.jpg,Round
image_4475.jpg,Heart
image_4476.jpg,Round
image_4477.jpg,Heart
image_4478.jpg,Round
image_448.jpg,Square
image_4480.jpg,Round
image_4482.jpg,Round
image_4484.jpg,Round
image_4486.jpg,Heart
image_4487.jpg,Round
image_4488.jpg,Heart
image_4489.jpg,Heart
image_449.jpg,Heart
image_4490.jpg,Round
image_4491.jpg,Round
image_4493.jpg,Heart
image_4495.jpg,Square
image_4496.jpg,Heart
image_4497.jpg,Heart
image_4499.jpg,Heart
image_45.jpg,Heart
image_4500.jpg,Heart
image_4501.jpg,Round
image_4502.jpg,Heart
image_4503.jpg,Heart
image_4504.jpg,Square
image_4505.jpg,Heart
image_4506.jpg,Heart
image_4507.jpg,Square
image_4508.jpg,Heart
image_4509.jpg,Round
image_451.jpg,Heart
image_4510.jpg,Heart
image_4511.jpg,Heart
image_4512.jpg,Round
image_4514.jpg,Heart
image_4515.jpg,Round
image_4516.jpg,Heart
image_4517.jpg,Round
image_4518.jpg,Heart
image_4519.jpg,Heart
image_452.jpg,Heart
image_4520.jpg,Heart
image_4521.jpg,Heart
image_4522.jpg,Heart
image_4523.jpg,Round
image_4524.jpg,Heart
image_4525.jpg,Heart
image_4526.jpg,Round
image_4527.jpg,Heart
image_4528.jpg,Heart
image_4529.jpg,Round
image_453.jpg,Heart
image_4530.jpg,Round
image_4531.jpg,Heart
image_4532.jpg,Round
image_4533.jpg,Heart
image_4534.jpg,Heart
image_4535.jpg,Heart
image_4536.jpg,Round
image_4538.jpg,Heart
image_4539.jpg,Heart
image_454.jpg,Heart
image_4540.jpg,Heart
image_4542.jpg,Heart
image_4543.jpg,Heart
image_4544.jpg,Round
image_4545.jpg,Round
image_4546.jpg,Round
image_4547.jpg,Heart
image_4548.jpg,Round
image_4549.jpg,Heart
image_455.jpg,Heart
image_4550.jpg,Heart
image_4551.jpg,Heart
image_4552.jpg,Round
image_4553.jpg,Heart
image_4554.jpg,Heart
image_4555.jpg,Heart
image_4556.jpg,Heart
image_4557.jpg,Round
image_4558.jpg,Heart
image_4559.jpg,Round
image_456.jpg,Heart
image_4560.jpg,Round
image_4562.jpg,Heart
image_4563.jpg,Oval
image_4564.jpg,Heart
image_4565.jpg,Heart
image_4566.jpg,Heart
image_4567.jpg,Round
image_4568.jpg,Heart
image_4569.jpg,Square
image_457.jpg,Square
image_4570.jpg,Heart
image_4572.jpg,Round
image_4573.jpg,Round
image_4574.jpg,Heart
image_4575.jpg,Round
image_4576.jpg,Round
image_4577.jpg,Heart
image_4578.jpg,Heart
image_4579.jpg,Round
image_458.jpg,Heart
image_4580.jpg,Heart
image_4581.jpg,Heart
image_4583.jpg,Heart
image_4584.jpg,Heart
image_4585.jpg,Round
image_4586.jpg,Heart
image_4587.jpg,Heart
image_4588.jpg,Round
image_4589.jpg,Heart
image_459.jpg,Square
image_4590.jpg,Heart
image_4592.jpg,Round
image_4593.jpg,Heart
image_4594.jpg,Heart
image_4595.jpg,Heart
image_4596.jpg,Heart
image_4597.jpg,Heart
image_4598.jpg,Heart
image_4599.jpg,Heart
image_46.jpg,Round
image_460.jpg,Heart
image_4601.jpg,Heart
image_4602.jpg,Round
image_4603.jpg,Heart
image_4604.jpg,Heart
image_4606.jpg,Heart
image_4607.jpg,Heart
image_4608.jpg,Round
image_461.jpg,Round
image_4611.jpg,Heart
image_4612.jpg,Heart
image_4613.jpg,Heart
image_4614.jpg,Heart
image_4615.jpg,Round
image_4616.jpg,Heart
image_4618.jpg,Heart
image_4619.jpg,Heart
image_4620.jpg,Heart
image_4621.jpg,Square
image_4622.jpg,Heart
image_4623.jpg,Heart
image_4625.jpg,Round
image_4626.jpg,Heart
image_4627.jpg,Heart
image_4628.jpg,Heart
image_463.jpg,Heart
image_4632.jpg,Heart
image_4633.jpg,Heart
image_4635.jpg,Heart
image_4636.jpg,Round
image_4638.jpg,Heart
image_4639.jpg,Round
image_464.jpg,Oval
image_4640.jpg,Heart
image_4642.jpg,Heart
image_4643.jpg,Heart
image_4644.jpg,Heart
image_4645.jpg,Square
image_4646.jpg,Square
image_4647.jpg,Square
image_4651.jpg,Round
image_4652.jpg,Round
image_4653.jpg,Heart
image_4654.jpg,Round
image_4655.jpg,Round
image_4656.jpg,Heart
image_4658.jpg,Heart
image_466.jpg,Square
image_4660.jpg,Heart
image_4661.jpg,Round
image_4662.jpg,Heart
image_4663.jpg,Round
image_4664.jpg,Heart
image_4665.jpg,Heart
image_4667.jpg,Round
image_4668.jpg,Heart
image_4669.jpg,Heart
image_4670.jpg,Round
image_4671.jpg,Heart
image_4672.jpg,Heart
image_4673.jpg,Heart
image_4674.jpg,Heart
image_4675.jpg,Heart
image_4676.jpg,Heart
image_4677.jpg,Heart
image_4678.jpg,Round
image_4679.jpg,Heart
image_468.jpg,Oval
image_4680.jpg,Heart
image_4681.jpg,Heart
image_4682.jpg,Heart
image_4683.jpg,Square
image_4684.jpg,Heart
image_4685.jpg,Heart
image_4686.jpg,Heart
image_4687.jpg,Heart
image_4688.jpg,Heart
image_4689.jpg,Heart
image_469.jpg,Heart
image_4690.jpg,Round
image_4691.jpg,Heart
image_4692.jpg,Heart
image_4693.jpg,Heart
image_4694.jpg,Round
image_4695.jpg,Heart
image_4697.jpg,Heart
image_4698.jpg,Heart
image_47.jpg,Heart
image_470.jpg,Heart
image_4700.jpg,Heart
image_4702.jpg,Square
image_4703.jpg,Round
image_4705.jpg,Heart
image_4706.jpg,Heart
image_4708.jpg,Heart
image_471.jpg,Heart
image_4710.jpg,Heart
image_4711.jpg,Round
image_4712.jpg,Heart
image_4714.jpg,Heart
image_4716.jpg,Heart
image_4717.jpg,Heart
image_4718.jpg,Heart
image_4719.jpg,Heart
image_472.jpg,Round
image_4720.jpg,Heart
image_4721.jpg,Heart
image_4722.jpg,Heart
image_4723.jpg,Heart
image_4724.jpg,Heart
image_4725.jpg,Heart
image_4726.jpg,Heart
image_4728.jpg,Heart
image_4729.jpg,Round
image_473.jpg,Heart
image_4730.jpg,Round
image_4731.jpg,Heart
image_4732.jpg,Heart
image_4733.jpg,Heart
image_4734.jpg,Heart
image_4735.jpg,Heart
image_4736.jpg,Heart
image_4737.jpg,Heart
image_4738.jpg,Heart
image_4739.jpg,Round
image_474.jpg,Heart
image_4740.jpg,Round
image_4741.jpg,Heart
image_4742.jpg,Heart
image_4743.jpg,Heart
image_4747.jpg,Heart
image_4748.jpg,Heart
image_4749.jpg,Heart
image_4750.jpg,Round
image_4751.jpg,Heart
image_4752.jpg,Round
image_4753.jpg,Round
image_4754.jpg,Round
image_4755.jpg,Heart
image_4756.jpg,Heart
image_4757.jpg,Round
image_4758.jpg,Oval
image_4759.jpg,Heart
image_476.jpg,Heart
image_4760.jpg,Heart
image_4761.jpg,Heart
image_4762.jpg,Heart
image_4764.jpg,Heart
image_4765.jpg,Heart
image_4766.jpg,Heart
image_4767.jpg,Heart
image_4768.jpg,Heart
image_4769.jpg,Heart
image_477.jpg,Heart
image_4770.jpg,Round
image_4771.jpg,Round
image_4772.jpg,Round
image_4775.jpg,Heart
image_4776.jpg,Oval
image_4777.jpg,Heart
image_4778.jpg,Heart
image_4779.jpg,Heart
image_478.jpg,Oval
image_4782.jpg,Heart
image_4783.jpg,Heart
image_4784.jpg,Heart
image_4786.jpg,Heart
image_4787.jpg,Heart
image_4788.jpg,Heart
image_479.jpg,Heart
image_4790.jpg,Heart
image_4791.jpg,Oval
image_4792.jpg,Heart
image_4793.jpg,Heart
image_4794.jpg,Heart
image_4795.jpg,Heart
image_4796.jpg,Round
image_4797.jpg,Round
image_4798.jpg,Square
image_4799.jpg,Heart
image_48.jpg,Square
image_480.jpg,Heart
image_4800.jpg,Heart
image_4802.jpg,Heart
image_4803.jpg,Heart
image_4804.jpg,Heart
image_4805.jpg,Round
image_4806.jpg,Round
image_4808.jpg,Square
image_4809.jpg,Square
image_481.jpg,Heart
image_4810.jpg,Heart
image_4811.jpg,Heart
image_4816.jpg,Round
image_4817.jpg,Heart
image_4818.jpg,Heart
image_4819.jpg,Round
image_482.jpg,Heart
image_4822.jpg,Heart
image_4823.jpg,Heart
image_4824.jpg,Heart
image_4825.jpg,Round
image_4826.jpg,Round
image_4827.jpg,Round
image_4828.jpg,Heart
image_4829.jpg,Heart
image_483.jpg,Round
image_4830.jpg,Heart
image_4831.jpg,Heart
image_4832.jpg,Heart
image_4833.jpg,Round
image_4834.jpg,Heart
image_4835.jpg,Heart
image_4836.jpg,Round
image_4838.jpg,Heart
image_4839.jpg,Round
image_4840.jpg,Heart
image_4841.jpg,Heart
image_4842.jpg,Heart
image_4843.jpg,Round
image_4844.jpg,Round
image_4845.jpg,Round
image_4846.jpg,Heart
image_4847.jpg,Round
image_4848.jpg,Heart
image_4849.jpg,Heart
image_485.jpg,Round
image_4850.jpg,Heart
image_4852.jpg,Heart
image_4853.jpg,Heart
image_4854.jpg,Heart
image_4855.jpg,Heart
image_4857.jpg,Heart
image_4858.jpg,Heart
image_486.jpg,Heart
image_4860.jpg,Round
image_4861.jpg,Heart
image_4862.jpg,Round
image_4864.jpg,Round
image_4865.jpg,Heart
image_4866.jpg,Heart
image_4868.jpg,Heart
image_4869.jpg,Heart
image_487.jpg,Heart
image_4870.jpg,Heart
image_4871.jpg,Heart
image_4872.jpg,Heart
image_4873.jpg,Heart
image_4874.jpg,Heart
image_4875.jpg,Heart
image_4876.jpg,Oval
image_4877.jpg,Heart
image_4878.jpg,Heart
image_4879.jpg,Heart
image_488.jpg,Heart
image_4880.jpg,Heart
image_4881.jpg,Round
image_4882.jpg,Round
image_4883.jpg,Heart
image_4884.jpg,Heart
image_4886.jpg,Heart
image_4888.jpg,Heart
image_4889.jpg,Round
image_489.jpg,Round
image_4890.jpg,Heart
image_4891.jpg,Heart
image_4892.jpg,Heart
image_4893.jpg,Heart
image_4895.jpg,Heart
image_4896.jpg,Square
image_4898.jpg,Heart
image_4899.jpg,Round
image_49.jpg,Heart
image_4900.jpg,Heart
image_4901.jpg,Heart
image_4903.jpg,Oval
image_4904.jpg,Round
image_4906.jpg,Round
image_4907.jpg,Round
image_4908.jpg,Round
image_4909.jpg,Round
image_491.jpg,Round
image_4910.jpg,Heart
image_4912.jpg,Heart
image_4915.jpg,Heart
image_4916.jpg,Heart
image_4917.jpg,Heart
image_4918.jpg,Round
image_4919.jpg,Heart
image_492.jpg,Square
image_4920.jpg,Round
image_4921.jpg,Heart
image_4922.jpg,Heart
image_4924.jpg,Heart
image_4925.jpg,Heart
image_4926.jpg,Heart
image_4927.jpg,Round
image_4928.jpg,Heart
image_4929.jpg,Round
image_493.jpg,Heart
image_4930.jpg,Heart
image_4931.jpg,Heart
image_4932.jpg,Heart
image_4933.jpg,Heart
image_4934.jpg,Heart
image_4936.jpg,Heart
image_4937.jpg,Heart
image_4938.jpg,Round
image_4939.jpg,Heart
image_494.jpg,Heart
image_4940.jpg,Heart
image_4941.jpg,Round
image_4942.jpg,Heart
image_4943.jpg,Heart
image_4944.jpg,Heart
image_4945.jpg,Round
image_4947.jpg,Round
image_4948.jpg,Oval
image_4949.jpg,Heart
image_495.jpg,Heart
image_4950.jpg,Heart
image_4951.jpg,Round
image_4953.jpg,Round
image_4954.jpg,Round
image_4956.jpg,Heart
image_4957.jpg,Heart
image_4958.jpg,Round
image_4959.jpg,Heart
image_496.jpg,Heart
image_4960.jpg,Heart
image_4961.jpg,Heart
image_4962.jpg,Heart
image_4963.jpg,Heart
image_4964.jpg,Square
image_4966.jpg,Round
image_4968.jpg,Heart
image_4969.jpg,Heart
image_497.jpg,Heart
image_4970.jpg,Round
image_4971.jpg,Heart
image_4972.jpg,Heart
image_4974.jpg,Heart
image_4975.jpg,Heart
image_4976.jpg,Heart
image_4978.jpg,Square
image_498.jpg,Round
image_4980.jpg,Heart
image_4981.jpg,Heart
image_4982.jpg,Round
image_4983.jpg,Heart
image_4984.jpg,Heart
image_4985.jpg,Square
image_4986.jpg,Heart
image_4987.jpg,Heart
image_4988.jpg,Heart
image_4989.jpg,Heart
image_499.jpg,Heart
image_4991.jpg,Heart
image_4992.jpg,Heart
image_4993.jpg,Square
image_4994.jpg,Heart
image_4995.jpg,Round
image_4996.jpg,Heart
image_4997.jpg,Heart
image_4998.jpg,Heart
image_4999.jpg,Heart
image_50.jpg,Heart
image_500.jpg,Heart
image_501.jpg,Heart
image_502.jpg,Heart
image_503.jpg,Square
image_505.jpg,Heart
image_506.jpg,Heart
image_507.jpg,Heart
image_508.jpg,Heart
image_509.jpg,Heart
image_51.jpg,Round
image_510.jpg,Heart
image_511.jpg,Square
image_512.jpg,Heart
image_513.jpg,Round
image_514.jpg,Heart
image_515.jpg,Round
image_516.jpg,Square
image_518.jpg,Heart
image_519.jpg,Round
image_52.jpg,Round
image_520.jpg,Heart
image_522.jpg,Heart
image_523.jpg,Round
image_524.jpg,Heart
image_525.jpg,Round
image_526.jpg,Heart
image_528.jpg,Heart
image_529.jpg,Heart
image_530.jpg,Round
image_531.jpg,Heart
image_532.jpg,Round
image_533.jpg,Heart
image_534.jpg,Round
image_535.jpg,Heart
image_536.jpg,Heart
image_537.jpg,Heart
image_538.jpg,Heart
image_539.jpg,Heart
image_54.jpg,Heart
image_540.jpg,Heart
image_541.jpg,Heart
image_542.jpg,Heart
image_543.jpg,Heart
image_544.jpg,Round
image_545.jpg,Heart
image_546.jpg,Heart
image_549.jpg,Round
image_55.jpg,Round
image_550.jpg,Heart
image_551.jpg,Heart
image_552.jpg,Round
image_554.jpg,Heart
image_555.jpg,Square
image_556.jpg,Heart
image_557.jpg,Heart
image_558.jpg,Round
image_559.jpg,Heart
image_56.jpg,Heart
image_560.jpg,Heart
image_561.jpg,Round
image_562.jpg,Heart
image_563.jpg,Heart
image_564.jpg,Round
image_565.jpg,Heart
image_566.jpg,Heart
image_567.jpg,Heart
image_568.jpg,Heart
image_57.jpg,Heart
image_570.jpg,Heart
image_571.jpg,Heart
image_572.jpg,Heart
image_573.jpg,Heart
image_574.jpg,Square
image_576.jpg,Round
image_577.jpg,Heart
image_578.jpg,Heart
image_579.jpg,Round
image_58.jpg,Square
image_580.jpg,Square
image_581.jpg,Round
image_583.jpg,Heart
image_584.jpg,Round
image_585.jpg,Heart
image_59.jpg,Heart
image_592.jpg,Heart
image_594.jpg,Heart
image_595.jpg,Heart
image_596.jpg,Round
image_597.jpg,Round
image_599.jpg,Heart
image_600.jpg,Square
image_602.jpg,Heart
image_603.jpg,Heart
image_604.jpg,Round
image_606.jpg,Heart
image_608.jpg,Heart
image_609.jpg,Heart
image_610.jpg,Heart
image_611.jpg,Round
image_612.jpg,Round
image_613.jpg,Square
image_614.jpg,Heart
image_615.jpg,Round
image_616.jpg,Heart
image_617.jpg,Heart
image_618.jpg,Heart
image_619.jpg,Heart
image_620.jpg,Square
image_621.jpg,Heart
image_622.jpg,Heart
image_623.jpg,Square
image_624.jpg,Heart
image_625.jpg,Round
image_626.jpg,Square
image_627.jpg,Square
image_628.jpg,Heart
image_629.jpg,Oval
image_63.jpg,Square
image_630.jpg,Heart
image_632.jpg,Round
image_633.jpg,Heart
image_634.jpg,Heart
image_635.jpg,Heart
image_637.jpg,Heart
image_638.jpg,Heart
image_639.jpg,Heart
image_64.jpg,Heart
image_640.jpg,Heart
image_641.jpg,Heart
image_642.jpg,Heart
image_643.jpg,Heart
image_644.jpg,Heart
image_645.jpg,Heart
image_646.jpg,Heart
image_647.jpg,Heart
image_648.jpg,Round
image_649.jpg,Round
image_65.jpg,Heart
image_650.jpg,Heart
image_651.jpg,Heart
image_653.jpg,Heart
image_654.jpg,Heart
image_655.jpg,Heart
image_657.jpg,Heart
image_658.jpg,Heart
image_659.jpg,Heart
image_66.jpg,Heart
image_660.jpg,Heart
image_661.jpg,Heart
image_662.jpg,Heart
image_663.jpg,Round
image_664.jpg,Heart
image_665.jpg,Round
image_666.jpg,Oval
image_667.jpg,Heart
image_668.jpg,Heart
image_67.jpg,Heart
image_671.jpg,Heart
image_672.jpg,Heart
image_674.jpg,Heart
image_675.jpg,Round
image_676.jpg,Heart
image_678.jpg,Heart
image_679.jpg,Heart
image_68.jpg,Round
image_680.jpg,Square
image_681.jpg,Square
image_682.jpg,Heart
image_683.jpg,Heart
image_684.jpg,Heart
image_685.jpg,Heart
image_686.jpg,Heart
image_687.jpg,Round
image_688.jpg,Heart
image_689.jpg,Round
image_69.jpg,Heart
image_690.jpg,Heart
image_691.jpg,Heart
image_692.jpg,Heart
image_693.jpg,Heart
image_694.jpg,Square
image_696.jpg,Heart
image_697.jpg,Heart
image_698.jpg,Round
image_699.jpg,Heart
image_7.jpg,Round
image_70.jpg,Heart
image_700.jpg,Heart
image_701.jpg,Heart
image_702.jpg,Heart
image_703.jpg,Heart
image_704.jpg,Heart
image_705.jpg,Heart
image_706.jpg,Heart
image_707.jpg,Heart
image_708.jpg,Heart
image_709.jpg,Heart
image_711.jpg,Heart
image_712.jpg,Heart
image_714.jpg,Heart
image_715.jpg,Round
image_718.jpg,Round
image_719.jpg,Heart
image_72.jpg,Round
image_720.jpg,Heart
image_721.jpg,Heart
image_722.jpg,Round
image_723.jpg,Heart
image_724.jpg,Heart
image_725.jpg,Round
image_726.jpg,Heart
image_727.jpg,Heart
image_728.jpg,Heart
image_729.jpg,Heart
image_730.jpg,Heart
image_731.jpg,Round
image_732.jpg,Heart
image_733.jpg,Round
image_734.jpg,Round
image_735.jpg,Heart
image_736.jpg,Heart
image_737.jpg,Heart
image_738.jpg,Square
image_739.jpg,Heart
image_74.jpg,Round
image_740.jpg,Heart
image_742.jpg,Heart
image_743.jpg,Heart
image_744.jpg,Heart
image_746.jpg,Heart
image_748.jpg,Round
image_749.jpg,Heart
image_75.jpg,Heart
image_750.jpg,Heart
image_751.jpg,Heart
image_754.jpg,Round
image_755.jpg,Heart
image_757.jpg,Heart
image_758.jpg,Round
image_76.jpg,Heart
image_760.jpg,Heart
image_761.jpg,Square
image_762.jpg,Heart
image_763.jpg,Heart
image_764.jpg,Heart
image_766.jpg,Round
image_767.jpg,Heart
image_768.jpg,Round
image_769.jpg,Heart
image_770.jpg,Heart
image_771.jpg,Heart
image_772.jpg,Round
image_774.jpg,Heart
image_776.jpg,Heart
image_777.jpg,Heart
image_778.jpg,Heart
image_779.jpg,Round
image_78.jpg,Heart
image_780.jpg,Heart
image_781.jpg,Round
image_782.jpg,Heart
image_783.jpg,Heart
image_784.jpg,Heart
image_785.jpg,Heart
image_786.jpg,Heart
image_787.jpg,Heart
image_788.jpg,Heart
image_789.jpg,Round
image_79.jpg,Round
image_790.jpg,Heart
image_791.jpg,Heart
image_792.jpg,Heart
image_793.jpg,Heart
image_795.jpg,Heart
image_796.jpg,Heart
image_797.jpg,Heart
image_798.jpg,Heart
image_8.jpg,Heart
image_80.jpg,Heart
image_800.jpg,Heart
image_801.jpg,Square
image_802.jpg,Heart
image_803.jpg,Heart
image_804.jpg,Heart
image_806.jpg,Heart
image_807.jpg,Round
image_808.jpg,Heart
image_809.jpg,Heart
image_81.jpg,Heart
image_810.jpg,Heart
image_813.jpg,Heart
image_814.jpg,Heart
image_815.jpg,Heart
image_817.jpg,Round
image_818.jpg,Heart
image_820.jpg,Round
image_823.jpg,Heart
image_824.jpg,Oval
image_825.jpg,Heart
image_826.jpg,Heart
image_828.jpg,Round
image_829.jpg,Heart
image_83.jpg,Heart
image_830.jpg,Heart
image_831.jpg,Square
image_833.jpg,Heart
image_834.jpg,Heart
image_835.jpg,Round
image_838.jpg,Round
image_839.jpg,Heart
image_84.jpg,Square
image_840.jpg,Heart
image_841.jpg,Heart
image_843.jpg,Heart
image_844.jpg,Oval
image_845.jpg,Heart
image_846.jpg,Heart
image_847.jpg,Square
image_849.jpg,Heart
image_85.jpg,Heart
image_850.jpg,Heart
image_851.jpg,Heart
image_852.jpg,Round
image_853.jpg,Heart
image_854.jpg,Heart
image_855.jpg,Square
image_856.jpg,Square
image_857.jpg,Heart
image_858.jpg,Heart
image_859.jpg,Round
image_86.jpg,Heart
image_860.jpg,Round
image_861.jpg,Heart
image_862.jpg,Round
image_864.jpg,Round
image_865.jpg,Oval
image_866.jpg,Heart
image_867.jpg,Round
image_868.jpg,Round
image_869.jpg,Round
image_87.jpg,Heart
image_870.jpg,Oval
image_871.jpg,Round
image_872.jpg,Heart
image_873.jpg,Heart
image_874.jpg,Heart
image_875.jpg,Heart
image_876.jpg,Heart
image_878.jpg,Heart
image_88.jpg,Round
image_880.jpg,Round
image_881.jpg,Heart
image_882.jpg,Oval
image_883.jpg,Round
image_885.jpg,Heart
image_886.jpg,Square
image_887.jpg,Round
image_888.jpg,Heart
image_889.jpg,Round
image_89.jpg,Heart
image_890.jpg,Round
image_891.jpg,Square
image_892.jpg,Heart
image_893.jpg,Round
image_894.jpg,Square
image_895.jpg,Heart
image_897.jpg,Round
image_898.jpg,Heart
image_899.jpg,Heart
image_9.jpg,Heart
image_90.jpg,Round
image_900.jpg,Round
image_901.jpg,Heart
image_902.jpg,Round
image_904.jpg,Heart
image_905.jpg,Heart
image_906.jpg,Heart
image_907.jpg,Heart
image_909.jpg,Heart
image_91.jpg,Round
image_910.jpg,Heart
image_911.jpg,Round
image_912.jpg,Round
image_913.jpg,Heart
image_914.jpg,Square
image_915.jpg,Heart
image_916.jpg,Heart
image_917.jpg,Square
image_918.jpg,Heart
image_919.jpg,Square
image_92.jpg,Heart
image_920.jpg,Heart
image_921.jpg,Heart
image_922.jpg,Heart
image_923.jpg,Heart
image_924.jpg,Round
image_925.jpg,Heart
image_926.jpg,Heart
image_928.jpg,Heart
image_929.jpg,Heart
image_93.jpg,Heart
image_930.jpg,Round
image_931.jpg,Heart
image_932.jpg,Heart
image_933.jpg,Heart
image_934.jpg,Round
image_935.jpg,Heart
image_936.jpg,Square
image_937.jpg,Heart
image_938.jpg,Heart
image_939.jpg,Heart
image_94.jpg,Heart
image_940.jpg,Heart
image_941.jpg,Heart
image_943.jpg,Heart
image_944.jpg,Oval
image_945.jpg,Round
image_946.jpg,Round
image_947.jpg,Heart
image_949.jpg,Heart
image_95.jpg,Heart
image_950.jpg,Heart
image_951.jpg,Round
image_952.jpg,Heart
image_953.jpg,Round
image_955.jpg,Heart
image_956.jpg,Heart
image_957.jpg,Heart
image_959.jpg,Heart
image_960.jpg,Round
image_961.jpg,Round
image_962.jpg,Round
image_964.jpg,Round
image_965.jpg,Heart
image_966.jpg,Heart
image_967.jpg,Heart
image_968.jpg,Heart
image_969.jpg,Heart
image_97.jpg,Round
image_970.jpg,Square
image_971.jpg,Heart
image_973.jpg,Heart
image_974.jpg,Heart
image_975.jpg,Oval
image_976.jpg,Round
image_977.jpg,Heart
image_978.jpg,Square
image_979.jpg,Round
image_980.jpg,Heart
image_981.jpg,Heart
image_983.jpg,Heart
image_984.jpg,Heart
image_985.jpg,Heart
image_986.jpg,Heart
image_988.jpg,Square
image_989.jpg,Round
image_990.jpg,Heart
image_991.jpg,Round
image_992.jpg,Heart
image_993.jpg,Heart
image_994.jpg,Round
image_995.jpg,Heart
image_996.jpg,Heart
image_997.jpg,Heart
image_998.jpg,Round
image_999.jpg,Square
